asset_id,name,category,asset_type,lat,lng,risk_score,risk_class,confidence,criticality_weight,calculated_risk_score,prediction_type,data_quality,timestamp
way/487481615,SRI HOSPITALS,hospitals,Hospital / Healthcare Facility,16.972764,82.238207,52.9,MEDIUM,,95,52.9,DERIVED_ANALYSIS,REAL,2026-09-28T16:40:33.798859Z
node/6758580043,Bharani Hospital,hospitals,Hospital / Healthcare Facility,16.972139,82.236856,53.8,MEDIUM,,100,53.8,DERIVED_ANALYSIS,REAL,2026-09-28T16:40:33.799661Z
node/6758668271,Sri Venkata Chalapathi Nursing Home,hospitals,Hospital / Healthcare Facility,16.962312,82.227959,55.9,MEDIUM,,100,55.9,DERIVED_ANALYSIS,REAL,2026-09-28T16:40:33.799709Z
node/6758704022,Trust Hospital(A Unit Of Sarvottam Health Care),hospitals,Hospital / Healthcare Facility,16.995642,82.241119,55.6,MEDIUM,,100,55.6,DERIVED_ANALYSIS,REAL,2026-09-28T16:40:33.799741Z
node/6758713152,Sai Sudha Hospital,hospitals,Hospital / Healthcare Facility,16.954535,82.232453,59.0,MEDIUM,,100,59.0,DERIVED_ANALYSIS,REAL,2026-09-28T16:40:33.799767Z
node/6758715156,Sudha Urology And Andrology Hospital,hospitals,Hospital / Healthcare Facility,16.963585,82.228796,55.6,MEDIUM,,100,55.6,DERIVED_ANALYSIS,REAL,2026-09-28T16:40:33.799792Z
node/6758721151,Vijaya Nursing Home - Kakinada,hospitals,Hospital / Healthcare Facility,16.95579,82.233289,58.9,MEDIUM,,100,58.9,DERIVED_ANALYSIS,REAL,2026-09-28T16:40:33.799816Z
node/6758722252,Apollo Hospitals - East Godavari,hospitals,Hospital / Healthcare Facility,16.960554,82.235897,57.5,MEDIUM,,100,57.5,DERIVED_ANALYSIS,REAL,2026-09-28T16:40:33.799839Z
node/6758726581,Sree Bala Nursing Home Sree Bala Ent Care Centre,hospitals,Hospital / Healthcare Facility,16.958803,82.234731,57.9,MEDIUM,,100,57.9,DERIVED_ANALYSIS,REAL,2026-09-28T16:40:33.799870Z
node/6758727383,Haritha Hospitals,hospitals,Hospital / Healthcare Facility,16.956281,82.230585,57.7,MEDIUM,,100,57.7,DERIVED_ANALYSIS,REAL,2026-09-28T16:40:33.799898Z
node/6758732669,Care Emergency Hospital,hospitals,Hospital / Healthcare Facility,16.96409,82.231645,55.9,MEDIUM,,100,55.9,DERIVED_ANALYSIS,REAL,2026-09-28T16:40:33.799919Z
node/6758733079,Saipriya Maternity Hospital,hospitals,Hospital / Healthcare Facility,16.96899,82.239748,54.8,MEDIUM,,100,54.8,DERIVED_ANALYSIS,REAL,2026-09-28T16:40:33.799942Z
node/6758735035,Shravani Ent Hospital,hospitals,Hospital / Healthcare Facility,16.955009,82.232603,58.9,MEDIUM,,100,58.9,DERIVED_ANALYSIS,REAL,2026-09-28T16:40:33.799970Z
node/6758738398,D V Raju Eye Hospital,hospitals,Hospital / Healthcare Facility,16.957104,82.23078,57.6,MEDIUM,,100,57.6,DERIVED_ANALYSIS,REAL,2026-09-28T16:40:33.799992Z
node/6758742619,Sri Gowthami Multispeciality Hospital,hospitals,Hospital / Healthcare Facility,16.964691,82.228577,55.3,MEDIUM,,100,55.3,DERIVED_ANALYSIS,REAL,2026-09-28T16:40:33.800014Z
node/6758764647,Lifeline Emergency and Neuro Centre,hospitals,Hospital / Healthcare Facility,16.970344,82.238722,54.4,MEDIUM,,100,54.4,DERIVED_ANALYSIS,REAL,2026-09-28T16:40:33.800034Z
node/6758765137,Sanjivi Hospitals,hospitals,Hospital / Healthcare Facility,16.963298,82.233831,56.4,MEDIUM,,100,56.4,DERIVED_ANALYSIS,REAL,2026-09-28T16:40:33.800054Z
node/6758770836,Ramya Hospitals,hospitals,Hospital / Healthcare Facility,16.96507,82.223813,54.4,MEDIUM,,100,54.4,DERIVED_ANALYSIS,REAL,2026-09-28T16:40:33.800075Z
node/6758773804,Vasan Eye Care Hospital - Kakinada,hospitals,Hospital / Healthcare Facility,16.963173,82.234298,56.5,MEDIUM,,100,56.5,DERIVED_ANALYSIS,REAL,2026-09-28T16:40:33.800096Z
node/6758775956,Mother and Child Hospital,hospitals,Hospital / Healthcare Facility,16.970003,82.238267,54.5,MEDIUM,,100,54.5,DERIVED_ANALYSIS,REAL,2026-09-28T16:40:33.800116Z
node/6758776088,Ravichandra Hospital,hospitals,Hospital / Healthcare Facility,16.963554,82.23349,56.3,MEDIUM,,100,56.3,DERIVED_ANALYSIS,REAL,2026-09-28T16:40:33.800136Z
node/6758778869,Srujana Multi Speciality Hospital,hospitals,Hospital / Healthcare Facility,16.970409,82.239342,54.3,MEDIUM,,100,54.3,DERIVED_ANALYSIS,REAL,2026-09-28T16:40:33.800156Z
node/6758781703,Safe Emergency Hospital,hospitals,Hospital / Healthcare Facility,16.970646,82.237302,54.2,MEDIUM,,100,54.2,DERIVED_ANALYSIS,REAL,2026-09-28T16:40:33.800175Z
node/6758809334,Sri Sai Raghavendra Super Specialities Hospital,hospitals,Hospital / Healthcare Facility,16.968128,82.224182,53.8,MEDIUM,,100,53.8,DERIVED_ANALYSIS,REAL,2026-09-28T16:40:33.800195Z
node/6768441008,Sushrutha Hospital,hospitals,Hospital / Healthcare Facility,16.993219,82.254653,58.8,MEDIUM,,100,58.8,DERIVED_ANALYSIS,REAL,2026-09-28T16:40:33.800216Z
node/6768672060,Surya Global Hospitals,hospitals,Hospital / Healthcare Facility,16.993991,82.21039,48.0,MEDIUM,,100,48.0,DERIVED_ANALYSIS,REAL,2026-09-28T16:40:33.800237Z
node/6770940005,Siddhartha Hospital,hospitals,Hospital / Healthcare Facility,16.947382,82.231435,58.8,MEDIUM,,100,58.8,DERIVED_ANALYSIS,REAL,2026-09-28T16:40:33.800258Z
node/6781927742,Sapthagiri Hospitals,hospitals,Hospital / Healthcare Facility,16.954738,82.232418,58.9,MEDIUM,,100,58.9,DERIVED_ANALYSIS,REAL,2026-09-28T16:40:33.800280Z
node/6804693330,Christian Cancer Center,hospitals,Hospital / Healthcare Facility,16.983655,82.24034,53.2,MEDIUM,,100,53.2,DERIVED_ANALYSIS,REAL,2026-09-28T16:40:33.800304Z
node/7116293090,"Government Hospital,Pekeru",hospitals,Hospital / Healthcare Facility,16.750804,82.118225,35.3,LOW,,100,35.3,DERIVED_ANALYSIS,REAL,2026-09-28T16:40:33.800324Z
node/7116293216,"Government Hospital,Karapa",hospitals,Hospital / Healthcare Facility,16.89914,82.167114,39.0,LOW,,100,39.0,DERIVED_ANALYSIS,REAL,2026-09-28T16:40:33.800344Z
node/7116293222,Government General Hospital,hospitals,Hospital / Healthcare Facility,16.955713,82.227313,56.9,MEDIUM,,100,56.9,DERIVED_ANALYSIS,REAL,2026-09-28T16:40:33.800364Z
node/7790467455,Mahaveer Hospital,hospitals,Hospital / Healthcare Facility,16.947499,82.232611,60.0,HIGH,,95,60.0,DERIVED_ANALYSIS,REAL,2026-09-28T16:40:33.800386Z
node/7790467459,Amrutha Children Hospital,hospitals,Hospital / Healthcare Facility,16.995543,82.24165,55.1,MEDIUM,,95,55.1,DERIVED_ANALYSIS,REAL,2026-09-28T16:40:33.800410Z
node/7790467460,Padma Children's Hospital,hospitals,Hospital / Healthcare Facility,16.970404,82.239619,53.6,MEDIUM,,95,53.6,DERIVED_ANALYSIS,REAL,2026-09-28T16:40:33.800429Z
node/7790467462,Pulse Emergency Hospital,hospitals,Hospital / Healthcare Facility,16.96959,82.236103,53.8,MEDIUM,,95,53.8,DERIVED_ANALYSIS,REAL,2026-09-28T16:40:33.800448Z
node/7790467465,Choday Apparao Nature Cure Hospital,hospitals,Hospital / Healthcare Facility,16.944505,82.23769,62.8,HIGH,,95,62.8,DERIVED_ANALYSIS,REAL,2026-09-28T16:40:33.800470Z
node/7790467466,Kriti ENT Hospital,hospitals,Hospital / Healthcare Facility,16.996082,82.243404,55.6,MEDIUM,,95,55.6,DERIVED_ANALYSIS,REAL,2026-09-28T16:40:33.800490Z
node/7790467467,Srimathi Indira Gandhi First Referral Hospital,hospitals,Hospital / Healthcare Facility,16.941109,82.237847,57.6,MEDIUM,,100,57.6,DERIVED_ANALYSIS,REAL,2026-09-28T16:40:33.800510Z
node/7790467469,Janapriya Maternity And Surgical Hospital,hospitals,Hospital / Healthcare Facility,16.942605,82.232101,56.7,MEDIUM,,95,56.7,DERIVED_ANALYSIS,REAL,2026-09-28T16:40:33.800530Z
node/7790467470,Sai Krishna Hospital,hospitals,Hospital / Healthcare Facility,16.971004,82.234968,53.4,MEDIUM,,95,53.4,DERIVED_ANALYSIS,REAL,2026-09-28T16:40:33.800550Z
node/7790467471,ESI Hospital,hospitals,Hospital / Healthcare Facility,16.989444,82.243737,54.5,MEDIUM,,95,54.5,DERIVED_ANALYSIS,REAL,2026-09-28T16:40:33.800569Z
node/7790467473,Laxmi Hospital,hospitals,Hospital / Healthcare Facility,16.972555,82.248571,52.1,MEDIUM,,95,52.1,DERIVED_ANALYSIS,REAL,2026-09-28T16:40:33.800588Z
node/7790467475,Sri Devi Children Hospital,hospitals,Hospital / Healthcare Facility,16.995687,82.242208,55.2,MEDIUM,,95,55.2,DERIVED_ANALYSIS,REAL,2026-09-28T16:40:33.800609Z
node/7790467476,Dr. Krishna Mohan Rao Hospital,hospitals,Hospital / Healthcare Facility,16.954297,82.231118,57.4,MEDIUM,,95,57.4,DERIVED_ANALYSIS,REAL,2026-09-28T16:40:33.800627Z
node/7790467477,Dr. Kamalendranath Hospital,hospitals,Hospital / Healthcare Facility,16.975845,82.225643,51.4,MEDIUM,,95,51.4,DERIVED_ANALYSIS,REAL,2026-09-28T16:40:33.800647Z
node/7790467483,Sathagna Hospital,hospitals,Hospital / Healthcare Facility,16.782133,82.229859,46.0,MEDIUM,,95,46.0,DERIVED_ANALYSIS,REAL,2026-09-28T16:40:33.800666Z
node/7790467485,Sri Sai Krishna Hospital,hospitals,Hospital / Healthcare Facility,16.9465,82.236505,64.8,HIGH,,95,64.8,DERIVED_ANALYSIS,REAL,2026-09-28T16:40:33.800690Z
node/7790467487,Sowbhagya Hospital,hospitals,Hospital / Healthcare Facility,16.993412,82.247251,56.3,MEDIUM,,95,56.3,DERIVED_ANALYSIS,REAL,2026-09-28T16:40:33.800711Z
node/7790467488,Sriteja Homeo Hospital,hospitals,Hospital / Healthcare Facility,16.996294,82.244545,56.0,MEDIUM,,95,56.0,DERIVED_ANALYSIS,REAL,2026-09-28T16:40:33.800731Z
node/7790467490,Sri Bala Prabha Multispeciality Hospital,hospitals,Hospital / Healthcare Facility,16.946555,82.240397,66.9,HIGH,,95,66.9,DERIVED_ANALYSIS,REAL,2026-09-28T16:40:33.800752Z
node/7790467493,Jaya Children Hospital,hospitals,Hospital / Healthcare Facility,16.937795,82.23311,55.3,MEDIUM,,95,55.3,DERIVED_ANALYSIS,REAL,2026-09-28T16:40:33.800773Z
node/7790467494,Gide Children's Hospital,hospitals,Hospital / Healthcare Facility,16.971849,82.240553,53.1,MEDIUM,,95,53.1,DERIVED_ANALYSIS,REAL,2026-09-28T16:40:33.800793Z
node/7790467496,LifeLine Hospital,hospitals,Hospital / Healthcare Facility,16.984984,82.241872,53.0,MEDIUM,,95,53.0,DERIVED_ANALYSIS,REAL,2026-09-28T16:40:33.800813Z
node/7790467497,Sai Ragavendra Hospitals,hospitals,Hospital / Healthcare Facility,16.962136,82.228593,55.2,MEDIUM,,95,55.2,DERIVED_ANALYSIS,REAL,2026-09-28T16:40:33.800835Z
node/7790467499,Amulya Hospital,hospitals,Hospital / Healthcare Facility,16.967286,82.236762,54.6,MEDIUM,,95,54.6,DERIVED_ANALYSIS,REAL,2026-09-28T16:40:33.800855Z
node/7790467500,Dr. Sudhakar Hospital,hospitals,Hospital / Healthcare Facility,16.954164,82.236308,63.5,HIGH,,95,63.5,DERIVED_ANALYSIS,REAL,2026-09-28T16:40:33.800875Z
node/7790467501,Dr. Damera Rama Rao Skin Hospital,hospitals,Hospital / Healthcare Facility,16.970748,82.238827,53.5,MEDIUM,,95,53.5,DERIVED_ANALYSIS,REAL,2026-09-28T16:40:33.800894Z
node/7790467502,Aruna Hospitals,hospitals,Hospital / Healthcare Facility,16.969819,82.223461,52.6,MEDIUM,,95,52.6,DERIVED_ANALYSIS,REAL,2026-09-28T16:40:33.800917Z
node/7790467504,Anurag Hospital,hospitals,Hospital / Healthcare Facility,16.978848,82.228501,50.9,MEDIUM,,95,50.9,DERIVED_ANALYSIS,REAL,2026-09-28T16:40:33.800936Z
node/7790467507,Best Hospital,hospitals,Hospital / Healthcare Facility,16.960993,82.228401,55.4,MEDIUM,,95,55.4,DERIVED_ANALYSIS,REAL,2026-09-28T16:40:33.800960Z
node/7790467508,Amrutha Emergency & Multispeciality Hospital,hospitals,Hospital / Healthcare Facility,16.970882,82.238566,53.4,MEDIUM,,95,53.4,DERIVED_ANALYSIS,REAL,2026-09-28T16:40:33.800980Z
node/7790467509,Gadam Dental Hospital,hospitals,Hospital / Healthcare Facility,16.954557,82.232792,59.4,MEDIUM,,95,59.4,DERIVED_ANALYSIS,REAL,2026-09-28T16:40:33.801002Z
node/7790467512,Triveni Super Speciality Dental Hospital & Implant Centre,hospitals,Hospital / Healthcare Facility,16.97285,82.242818,52.6,MEDIUM,,95,52.6,DERIVED_ANALYSIS,REAL,2026-09-28T16:40:33.801021Z
node/7790467514,Sri Kiran Eye Hospital,hospitals,Hospital / Healthcare Facility,16.937709,82.232023,55.2,MEDIUM,,95,55.2,DERIVED_ANALYSIS,REAL,2026-09-28T16:40:33.801042Z
node/7790467515,Aswani Hospital,hospitals,Hospital / Healthcare Facility,16.968781,82.224971,53.0,MEDIUM,,95,53.0,DERIVED_ANALYSIS,REAL,2026-09-28T16:40:33.801061Z
node/7790467516,Savitha Hospital,hospitals,Hospital / Healthcare Facility,16.995638,82.244829,55.9,MEDIUM,,95,55.9,DERIVED_ANALYSIS,REAL,2026-09-28T16:40:33.801083Z
node/7790467518,Sharma Hospital,hospitals,Hospital / Healthcare Facility,16.941176,82.234571,56.7,MEDIUM,,95,56.7,DERIVED_ANALYSIS,REAL,2026-09-28T16:40:33.801102Z
node/7790467519,Vennela ENT Hospital,hospitals,Hospital / Healthcare Facility,16.968278,82.241584,54.2,MEDIUM,,95,54.2,DERIVED_ANALYSIS,REAL,2026-09-28T16:40:33.801122Z
node/7790467521,Vamsi Chest & Children's Hospital,hospitals,Hospital / Healthcare Facility,16.968906,82.242609,53.9,MEDIUM,,95,53.9,DERIVED_ANALYSIS,REAL,2026-09-28T16:40:33.801142Z
node/7790467522,Diet Hormone Hospital,hospitals,Hospital / Healthcare Facility,16.971392,82.237568,53.3,MEDIUM,,95,53.3,DERIVED_ANALYSIS,REAL,2026-09-28T16:40:33.801164Z
node/7790467523,Ishaan Gynec and Obstetric Hospital,hospitals,Hospital / Healthcare Facility,16.975269,82.240641,52.1,MEDIUM,,95,52.1,DERIVED_ANALYSIS,REAL,2026-09-28T16:40:33.801183Z
node/7790467527,Sri Divya Hospitals,hospitals,Hospital / Healthcare Facility,16.971001,82.226032,52.7,MEDIUM,,95,52.7,DERIVED_ANALYSIS,REAL,2026-09-28T16:40:33.801202Z
node/7790467528,Gurudev Hospital,hospitals,Hospital / Healthcare Facility,16.97042,82.225579,52.7,MEDIUM,,95,52.7,DERIVED_ANALYSIS,REAL,2026-09-28T16:40:33.801223Z
node/8490876798,Foundation Hospital,hospitals,Hospital / Healthcare Facility,16.965802,82.245028,54.6,MEDIUM,,95,54.6,DERIVED_ANALYSIS,REAL,2026-09-28T16:40:33.801245Z
node/8793974587,Sanjivani Neuro Clinic,hospitals,Hospital / Healthcare Facility,16.97202,82.238929,53.1,MEDIUM,,95,53.1,DERIVED_ANALYSIS,REAL,2026-09-28T16:40:33.801264Z
node/8793991717,Janatha Hospitals,hospitals,Hospital / Healthcare Facility,16.971992,82.23677,53.1,MEDIUM,,95,53.1,DERIVED_ANALYSIS,REAL,2026-09-28T16:40:33.801284Z
node/8793998297,Trust Hospital,hospitals,Hospital / Healthcare Facility,16.998611,82.228235,51.6,MEDIUM,,95,51.6,DERIVED_ANALYSIS,REAL,2026-09-28T16:40:33.801305Z
node/8794042343,Sunrise Hospital,hospitals,Hospital / Healthcare Facility,16.969555,82.238446,53.9,MEDIUM,,95,53.9,DERIVED_ANALYSIS,REAL,2026-09-28T16:40:33.801325Z
node/8794052051,Pulse Emergency Hospital,hospitals,Hospital / Healthcare Facility,16.968505,82.236338,54.1,MEDIUM,,95,54.1,DERIVED_ANALYSIS,REAL,2026-09-28T16:40:33.801346Z
node/8794219012,Sri Lalitha Hospitals,hospitals,Hospital / Healthcare Facility,16.957779,82.236616,58.4,MEDIUM,,95,58.4,DERIVED_ANALYSIS,REAL,2026-09-28T16:40:33.801365Z
node/8794374524,Sri Akshara Hospital,hospitals,Hospital / Healthcare Facility,16.966839,82.231656,54.4,MEDIUM,,95,54.4,DERIVED_ANALYSIS,REAL,2026-09-28T16:40:33.801386Z
node/10171081027,7star Hospitals,hospitals,Hospital / Healthcare Facility,16.955845,82.234443,59.7,MEDIUM,,95,59.7,DERIVED_ANALYSIS,REAL,2026-09-28T16:40:33.801406Z
node/11601697518,TEAM,hospitals,Hospital / Healthcare Facility,16.986546,82.239118,52.8,MEDIUM,,95,52.8,DERIVED_ANALYSIS,REAL,2026-09-28T16:40:33.801425Z
node/12596128972,"Hospital #85 (82.242, 16.968)",hospitals,Hospital / Healthcare Facility,16.968371,82.241582,54.1,MEDIUM,,95,54.1,DERIVED_ANALYSIS,REAL,2026-09-28T16:40:33.801447Z
node/12596129482,"Hospital #86 (82.245, 16.966)",hospitals,Hospital / Healthcare Facility,16.96584,82.245147,54.6,MEDIUM,,95,54.6,DERIVED_ANALYSIS,REAL,2026-09-28T16:40:33.801468Z
node/12596133159,"Hospital #87 (82.241, 16.972)",hospitals,Hospital / Healthcare Facility,16.971956,82.240582,53.1,MEDIUM,,95,53.1,DERIVED_ANALYSIS,REAL,2026-09-28T16:40:33.801487Z
node/12596223754,"Hospital #88 (82.237, 16.958)",hospitals,Hospital / Healthcare Facility,16.95778,82.23658,58.3,MEDIUM,,95,58.3,DERIVED_ANALYSIS,REAL,2026-09-28T16:40:33.801508Z
node/12596231366,"Hospital #89 (82.228, 16.961)",hospitals,Hospital / Healthcare Facility,16.96099,82.228424,55.4,MEDIUM,,95,55.4,DERIVED_ANALYSIS,REAL,2026-09-28T16:40:33.801526Z
node/12596234189,"Hospital #90 (82.238, 16.970)",hospitals,Hospital / Healthcare Facility,16.97001,82.238241,53.7,MEDIUM,,95,53.7,DERIVED_ANALYSIS,REAL,2026-09-28T16:40:33.801547Z
node/12596255224,"Hospital #91 (82.232, 16.967)",hospitals,Hospital / Healthcare Facility,16.966884,82.231719,54.4,MEDIUM,,95,54.4,DERIVED_ANALYSIS,REAL,2026-09-28T16:40:33.801568Z
node/12596260296,"Hospital #92 (82.239, 16.972)",hospitals,Hospital / Healthcare Facility,16.972013,82.238933,53.1,MEDIUM,,95,53.1,DERIVED_ANALYSIS,REAL,2026-09-28T16:40:33.801587Z
node/12596274694,"Hospital #93 (82.229, 16.979)",hospitals,Hospital / Healthcare Facility,16.97884,82.228538,50.9,MEDIUM,,95,50.9,DERIVED_ANALYSIS,REAL,2026-09-28T16:40:33.801607Z
node/12596277705,"Hospital #94 (82.240, 16.984)",hospitals,Hospital / Healthcare Facility,16.983701,82.240449,52.5,MEDIUM,,95,52.5,DERIVED_ANALYSIS,REAL,2026-09-28T16:40:33.801626Z
way/241988306,"Power #95 (82.213, 16.750)",power,Power Grid Substation,16.750494,82.213116,46.1,MEDIUM,,90,46.1,DERIVED_ANALYSIS,REAL,2026-09-28T16:40:33.801647Z
way/362421139,"Power #96 (82.272, 16.949)",power,Power Grid Substation,16.949345,82.271521,52.3,MEDIUM,,90,52.3,DERIVED_ANALYSIS,REAL,2026-09-28T16:40:33.801665Z
way/362421169,"Power #97 (82.266, 16.972)",power,Power Grid Substation,16.97214,82.26614,49.3,MEDIUM,,90,49.3,DERIVED_ANALYSIS,REAL,2026-09-28T16:40:33.801685Z
way/362421175,"Power #98 (82.271, 16.949)",power,Power Grid Substation,16.949229,82.271456,52.3,MEDIUM,,90,52.3,DERIVED_ANALYSIS,REAL,2026-09-28T16:40:33.801705Z
way/362421177,"Power #99 (82.273, 16.996)",power,Power Grid Substation,16.996139,82.272665,55.1,MEDIUM,,90,55.1,DERIVED_ANALYSIS,REAL,2026-09-28T16:40:33.801725Z
way/238763090,NH216,bridges,Transport Bridge / Culvert,16.821947,82.233751,57.0,MEDIUM,,85,57.0,DERIVED_ANALYSIS,REAL,2026-09-28T16:40:33.801745Z
way/288611512,NH216,bridges,Transport Bridge / Culvert,16.752934,82.223773,53.9,MEDIUM,,85,53.9,DERIVED_ANALYSIS,REAL,2026-09-28T16:40:33.801765Z
way/288611513,NH216,bridges,Transport Bridge / Culvert,16.855253,82.231051,57.4,MEDIUM,,85,57.4,DERIVED_ANALYSIS,REAL,2026-09-28T16:40:33.801786Z
way/325064198,SH14,bridges,Transport Bridge / Culvert,16.821073,82.105838,39.4,LOW,,85,39.4,DERIVED_ANALYSIS,REAL,2026-09-28T16:40:33.801806Z
way/362421202,Kakinada Main Road,bridges,Transport Bridge / Culvert,16.942861,82.233364,61.8,HIGH,,85,61.8,DERIVED_ANALYSIS,REAL,2026-09-28T16:40:33.801827Z
way/362422171,"Bridge #105 (82.250, 16.960)",bridges,Transport Bridge / Culvert,16.959632,82.250432,59.8,MEDIUM,,85,59.8,DERIVED_ANALYSIS,REAL,2026-09-28T16:40:33.801848Z
way/362422181,"Bridge #106 (82.231, 16.972)",bridges,Transport Bridge / Culvert,16.972461,82.230872,57.5,MEDIUM,,85,57.5,DERIVED_ANALYSIS,REAL,2026-09-28T16:40:33.801868Z
way/362422185,"Bridge #107 (82.229, 16.968)",bridges,Transport Bridge / Culvert,16.967984,82.228645,58.5,MEDIUM,,85,58.5,DERIVED_ANALYSIS,REAL,2026-09-28T16:40:33.801888Z
way/362422193,"Bridge #108 (82.251, 16.959)",bridges,Transport Bridge / Culvert,16.958841,82.250615,60.0,HIGH,,85,60.0,DERIVED_ANALYSIS,REAL,2026-09-28T16:40:33.801907Z
way/362422216,"Bridge #109 (82.251, 16.959)",bridges,Transport Bridge / Culvert,16.959226,82.250553,60.0,HIGH,,85,60.0,DERIVED_ANALYSIS,REAL,2026-09-28T16:40:33.801926Z
way/362422334,"Bridge #110 (82.228, 16.967)",bridges,Transport Bridge / Culvert,16.966609,82.227749,58.7,MEDIUM,,85,58.7,DERIVED_ANALYSIS,REAL,2026-09-28T16:40:33.801947Z
way/362422443,"Bridge #111 (82.224, 16.935)",bridges,Transport Bridge / Culvert,16.935349,82.224369,58.0,MEDIUM,,85,58.0,DERIVED_ANALYSIS,REAL,2026-09-28T16:40:33.801974Z
way/362422684,Nukalamma Temple Street,bridges,Transport Bridge / Culvert,16.964454,82.22611,58.9,MEDIUM,,85,58.9,DERIVED_ANALYSIS,REAL,2026-09-28T16:40:33.801994Z
way/362422756,"Bridge #113 (82.228, 16.943)",bridges,Transport Bridge / Culvert,16.942576,82.227613,60.3,HIGH,,85,60.3,DERIVED_ANALYSIS,REAL,2026-09-28T16:40:33.802014Z
way/362422795,Kakinada - Rajanagaram (ADB) Road,bridges,Transport Bridge / Culvert,16.956967,82.268395,54.4,MEDIUM,,85,54.4,DERIVED_ANALYSIS,REAL,2026-09-28T16:40:33.802032Z
way/362422877,"Bridge #115 (82.228, 16.939)",bridges,Transport Bridge / Culvert,16.939185,82.228337,59.7,MEDIUM,,85,59.7,DERIVED_ANALYSIS,REAL,2026-09-28T16:40:33.802055Z
way/362425818,"Bridge #116 (82.220, 16.981)",bridges,Transport Bridge / Culvert,16.981325,82.220498,54.4,MEDIUM,,85,54.4,DERIVED_ANALYSIS,REAL,2026-09-28T16:40:33.802073Z
way/362425819,"Bridge #117 (82.220, 16.981)",bridges,Transport Bridge / Culvert,16.98126,82.220405,54.4,MEDIUM,,85,54.4,DERIVED_ANALYSIS,REAL,2026-09-28T16:40:33.802092Z
way/366343220,SH216,bridges,Transport Bridge / Culvert,16.943721,82.23133,62.8,HIGH,,85,62.8,DERIVED_ANALYSIS,REAL,2026-09-28T16:40:33.802113Z
way/394351810,"Bridge #119 (82.216, 16.980)",bridges,Transport Bridge / Culvert,16.9804,82.215741,54.0,MEDIUM,,85,54.0,DERIVED_ANALYSIS,REAL,2026-09-28T16:40:33.802131Z
way/394357819,Kakinada Main Road,bridges,Transport Bridge / Culvert,16.965878,82.236387,59.8,MEDIUM,,85,59.8,DERIVED_ANALYSIS,REAL,2026-09-28T16:40:33.802150Z
way/394357824,MDR0211,bridges,Transport Bridge / Culvert,16.966661,82.238993,59.5,MEDIUM,,85,59.5,DERIVED_ANALYSIS,REAL,2026-09-28T16:40:33.802171Z
way/396367645,Dwarapudi - Yanam Road,bridges,Transport Bridge / Culvert,16.759867,82.149509,42.0,MEDIUM,,85,42.0,DERIVED_ANALYSIS,REAL,2026-09-28T16:40:33.802192Z
way/396373698,MDR02,bridges,Transport Bridge / Culvert,16.940358,82.162723,46.4,MEDIUM,,85,46.4,DERIVED_ANALYSIS,REAL,2026-09-28T16:40:33.802212Z
way/396373699,MDR016,bridges,Transport Bridge / Culvert,16.781064,82.263077,52.6,MEDIUM,,85,52.6,DERIVED_ANALYSIS,REAL,2026-09-28T16:40:33.802230Z
way/396373700,MDR0156,bridges,Transport Bridge / Culvert,16.896666,82.125802,40.8,MEDIUM,,85,40.8,DERIVED_ANALYSIS,REAL,2026-09-28T16:40:33.802252Z
way/396373702,MDR0157,bridges,Transport Bridge / Culvert,16.917823,82.101746,39.2,LOW,,85,39.2,DERIVED_ANALYSIS,REAL,2026-09-28T16:40:33.802272Z
way/396373704,Pyna - Kakinada Road,bridges,Transport Bridge / Culvert,16.959795,82.222856,59.2,MEDIUM,,85,59.2,DERIVED_ANALYSIS,REAL,2026-09-28T16:40:33.802293Z
way/396373708,MDR0156,bridges,Transport Bridge / Culvert,16.939298,82.119682,41.3,MEDIUM,,85,41.3,DERIVED_ANALYSIS,REAL,2026-09-28T16:40:33.802311Z
way/396373709,Ramachandrapuram - Penuguduru Road,bridges,Transport Bridge / Culvert,16.864063,82.108847,39.5,LOW,,85,39.5,DERIVED_ANALYSIS,REAL,2026-09-28T16:40:33.802331Z
way/396373710,SH14,bridges,Transport Bridge / Culvert,16.866244,82.185695,47.1,MEDIUM,,85,47.1,DERIVED_ANALYSIS,REAL,2026-09-28T16:40:33.802351Z
way/396373713,MDR0156,bridges,Transport Bridge / Culvert,16.880719,82.115824,39.9,LOW,,85,39.9,DERIVED_ANALYSIS,REAL,2026-09-28T16:40:33.802371Z
way/396373716,Pyna - Kakinada Road,bridges,Transport Bridge / Culvert,16.954278,82.169772,48.0,MEDIUM,,85,48.0,DERIVED_ANALYSIS,REAL,2026-09-28T16:40:33.802391Z
way/396373750,"Bridge #133 (82.104, 16.868)",bridges,Transport Bridge / Culvert,16.868181,82.103756,39.4,LOW,,85,39.4,DERIVED_ANALYSIS,REAL,2026-09-28T16:40:33.802409Z
way/396560802,"Bridge #134 (82.222, 16.984)",bridges,Transport Bridge / Culvert,16.984153,82.22206,53.9,MEDIUM,,85,53.9,DERIVED_ANALYSIS,REAL,2026-09-28T16:40:33.802430Z
way/396560806,Pratap Nagar Road,bridges,Transport Bridge / Culvert,16.971289,82.219493,56.4,MEDIUM,,85,56.4,DERIVED_ANALYSIS,REAL,2026-09-28T16:40:33.802449Z
way/487737363,MDR0211,bridges,Transport Bridge / Culvert,16.962618,82.237822,60.9,HIGH,,85,60.9,DERIVED_ANALYSIS,REAL,2026-09-28T16:40:33.802469Z
way/487737371,MDR0211,bridges,Transport Bridge / Culvert,16.96446,82.238352,60.2,HIGH,,85,60.2,DERIVED_ANALYSIS,REAL,2026-09-28T16:40:33.802490Z
way/564839012,NH216,bridges,Transport Bridge / Culvert,16.908538,82.23893,50.6,MEDIUM,,85,50.6,DERIVED_ANALYSIS,REAL,2026-09-28T16:40:33.802509Z
way/564839015,SH14,bridges,Transport Bridge / Culvert,16.894133,82.192353,45.3,MEDIUM,,85,45.3,DERIVED_ANALYSIS,REAL,2026-09-28T16:40:33.802528Z
way/564839020,Ramachandrapuram - Penuguduru Road,bridges,Transport Bridge / Culvert,16.893546,82.162189,42.3,MEDIUM,,85,42.3,DERIVED_ANALYSIS,REAL,2026-09-28T16:40:33.802547Z
way/564839136,SH14,bridges,Transport Bridge / Culvert,16.906732,82.193086,47.3,MEDIUM,,85,47.3,DERIVED_ANALYSIS,REAL,2026-09-28T16:40:33.802565Z
way/637293548,NH216,bridges,Transport Bridge / Culvert,16.767252,82.228781,53.4,MEDIUM,,85,53.4,DERIVED_ANALYSIS,REAL,2026-09-28T16:40:33.802586Z
way/651036844,KANF Road - Madhavapatnam - Rameswaram Road,bridges,Transport Bridge / Culvert,16.993093,82.210093,51.9,MEDIUM,,85,51.9,DERIVED_ANALYSIS,REAL,2026-09-28T16:40:33.802605Z
way/671000961,"Bridge #144 (82.178, 16.950)",bridges,Transport Bridge / Culvert,16.950372,82.177707,50.0,MEDIUM,,85,50.0,DERIVED_ANALYSIS,REAL,2026-09-28T16:40:33.802624Z
way/758968621,Pyna - Kakinada Road,bridges,Transport Bridge / Culvert,16.960018,82.223108,59.2,MEDIUM,,85,59.2,DERIVED_ANALYSIS,REAL,2026-09-28T16:40:33.802644Z
way/761938606,"Bridge #146 (82.207, 16.907)",bridges,Transport Bridge / Culvert,16.906591,82.207185,48.8,MEDIUM,,85,48.8,DERIVED_ANALYSIS,REAL,2026-09-28T16:40:33.802665Z
way/761938607,"Bridge #147 (82.215, 16.899)",bridges,Transport Bridge / Culvert,16.899133,82.215419,47.7,MEDIUM,,85,47.7,DERIVED_ANALYSIS,REAL,2026-09-28T16:40:33.802683Z
way/761938611,"Bridge #148 (82.227, 16.898)",bridges,Transport Bridge / Culvert,16.89827,82.227445,48.0,MEDIUM,,85,48.0,DERIVED_ANALYSIS,REAL,2026-09-28T16:40:33.802701Z
way/761950029,MDR0163,bridges,Transport Bridge / Culvert,16.866778,82.215471,52.5,MEDIUM,,85,52.5,DERIVED_ANALYSIS,REAL,2026-09-28T16:40:33.802732Z
way/761959964,"Bridge #150 (82.206, 16.845)",bridges,Transport Bridge / Culvert,16.845186,82.206145,51.5,MEDIUM,,85,51.5,DERIVED_ANALYSIS,REAL,2026-09-28T16:40:33.802754Z
way/762003919,MDR01,bridges,Transport Bridge / Culvert,16.808122,82.167321,42.6,MEDIUM,,85,42.6,DERIVED_ANALYSIS,REAL,2026-09-28T16:40:33.802772Z
way/762003920,"Bridge #152 (82.124, 16.820)",bridges,Transport Bridge / Culvert,16.819947,82.12435,40.6,MEDIUM,,85,40.6,DERIVED_ANALYSIS,REAL,2026-09-28T16:40:33.802790Z
way/762003925,MDR01,bridges,Transport Bridge / Culvert,16.789335,82.163871,41.6,MEDIUM,,85,41.6,DERIVED_ANALYSIS,REAL,2026-09-28T16:40:33.802809Z
way/765773266,MDR015,bridges,Transport Bridge / Culvert,16.800234,82.247312,47.9,MEDIUM,,85,47.9,DERIVED_ANALYSIS,REAL,2026-09-28T16:40:33.802829Z
way/765773272,MDR015,bridges,Transport Bridge / Culvert,16.805462,82.248153,49.0,MEDIUM,,85,49.0,DERIVED_ANALYSIS,REAL,2026-09-28T16:40:33.802848Z
way/765773279,"Bridge #156 (82.250, 16.807)",bridges,Transport Bridge / Culvert,16.80664,82.250137,49.4,MEDIUM,,85,49.4,DERIVED_ANALYSIS,REAL,2026-09-28T16:40:33.802866Z
way/765773286,"Bridge #157 (82.199, 16.816)",bridges,Transport Bridge / Culvert,16.815628,82.198803,47.4,MEDIUM,,85,47.4,DERIVED_ANALYSIS,REAL,2026-09-28T16:40:33.802884Z
way/765780269,"Bridge #158 (82.205, 16.814)",bridges,Transport Bridge / Culvert,16.814217,82.205121,48.1,MEDIUM,,85,48.1,DERIVED_ANALYSIS,REAL,2026-09-28T16:40:33.802903Z
way/765780274,MDR0161,bridges,Transport Bridge / Culvert,16.779995,82.224962,50.4,MEDIUM,,85,50.4,DERIVED_ANALYSIS,REAL,2026-09-28T16:40:33.802922Z
way/847082069,MDR019,bridges,Transport Bridge / Culvert,16.750623,82.117126,39.5,LOW,,85,39.5,DERIVED_ANALYSIS,REAL,2026-09-28T16:40:33.802940Z
way/847095459,MDR019,bridges,Transport Bridge / Culvert,16.768996,82.113081,39.4,LOW,,85,39.4,DERIVED_ANALYSIS,REAL,2026-09-28T16:40:33.802962Z
way/847104599,MDR019,bridges,Transport Bridge / Culvert,16.768809,82.113071,39.3,LOW,,85,39.3,DERIVED_ANALYSIS,REAL,2026-09-28T16:40:33.802982Z
way/847481469,"Bridge #163 (82.250, 16.807)",bridges,Transport Bridge / Culvert,16.807202,82.249738,49.5,MEDIUM,,85,49.5,DERIVED_ANALYSIS,REAL,2026-09-28T16:40:33.803001Z
way/847845655,"Bridge #164 (82.254, 16.776)",bridges,Transport Bridge / Culvert,16.775608,82.253959,54.6,MEDIUM,,85,54.6,DERIVED_ANALYSIS,REAL,2026-09-28T16:40:33.803020Z
way/847855028,"Bridge #165 (82.233, 16.759)",bridges,Transport Bridge / Culvert,16.758972,82.232829,55.5,MEDIUM,,85,55.5,DERIVED_ANALYSIS,REAL,2026-09-28T16:40:33.803040Z
way/847859186,"Bridge #166 (82.246, 16.770)",bridges,Transport Bridge / Culvert,16.769729,82.246286,55.9,MEDIUM,,85,55.9,DERIVED_ANALYSIS,REAL,2026-09-28T16:40:33.803060Z
way/847878164,"Bridge #167 (82.261, 16.765)",bridges,Transport Bridge / Culvert,16.76498,82.2607,58.4,MEDIUM,,85,58.4,DERIVED_ANALYSIS,REAL,2026-09-28T16:40:33.803080Z
way/847920479,MDR016,bridges,Transport Bridge / Culvert,16.792159,82.240756,49.2,MEDIUM,,85,49.2,DERIVED_ANALYSIS,REAL,2026-09-28T16:40:33.803098Z
way/848259682,"Bridge #169 (82.189, 16.753)",bridges,Transport Bridge / Culvert,16.753059,82.188735,46.7,MEDIUM,,85,46.7,DERIVED_ANALYSIS,REAL,2026-09-28T16:40:33.803116Z
way/848325027,"Bridge #170 (82.205, 16.761)",bridges,Transport Bridge / Culvert,16.760744,82.204648,49.4,MEDIUM,,85,49.4,DERIVED_ANALYSIS,REAL,2026-09-28T16:40:33.803135Z
way/848327926,"Bridge #171 (82.107, 16.907)",bridges,Transport Bridge / Culvert,16.906502,82.106721,39.4,LOW,,85,39.4,DERIVED_ANALYSIS,REAL,2026-09-28T16:40:33.803153Z
way/848365133,Karapa - Chintapalli Road,bridges,Transport Bridge / Culvert,16.914679,82.118447,40.9,MEDIUM,,85,40.9,DERIVED_ANALYSIS,REAL,2026-09-28T16:40:33.803173Z
way/848378690,"Bridge #173 (82.148, 16.758)",bridges,Transport Bridge / Culvert,16.757528,82.148237,41.9,MEDIUM,,85,41.9,DERIVED_ANALYSIS,REAL,2026-09-28T16:40:33.803193Z
way/848382490,"Bridge #174 (82.221, 16.767)",bridges,Transport Bridge / Culvert,16.767485,82.221261,51.9,MEDIUM,,85,51.9,DERIVED_ANALYSIS,REAL,2026-09-28T16:40:33.803213Z
way/848382493,"Bridge #175 (82.216, 16.767)",bridges,Transport Bridge / Culvert,16.766648,82.216498,51.1,MEDIUM,,85,51.1,DERIVED_ANALYSIS,REAL,2026-09-28T16:40:33.803234Z
way/848409542,"Bridge #176 (82.177, 16.770)",bridges,Transport Bridge / Culvert,16.769518,82.177061,44.0,MEDIUM,,85,44.0,DERIVED_ANALYSIS,REAL,2026-09-28T16:40:33.803254Z
way/848412479,"Bridge #177 (82.187, 16.774)",bridges,Transport Bridge / Culvert,16.774236,82.187169,46.4,MEDIUM,,85,46.4,DERIVED_ANALYSIS,REAL,2026-09-28T16:40:33.803272Z
way/848412482,"Bridge #178 (82.175, 16.788)",bridges,Transport Bridge / Culvert,16.788128,82.175321,42.4,MEDIUM,,85,42.4,DERIVED_ANALYSIS,REAL,2026-09-28T16:40:33.803292Z
way/848421251,"Bridge #179 (82.106, 16.984)",bridges,Transport Bridge / Culvert,16.983878,82.105861,39.1,LOW,,85,39.1,DERIVED_ANALYSIS,REAL,2026-09-28T16:40:33.803310Z
way/848702443,"Bridge #180 (82.211, 16.803)",bridges,Transport Bridge / Culvert,16.8026,82.211239,46.9,MEDIUM,,85,46.9,DERIVED_ANALYSIS,REAL,2026-09-28T16:40:33.803330Z
way/848702449,"Bridge #181 (82.207, 16.809)",bridges,Transport Bridge / Culvert,16.80947,82.206965,47.6,MEDIUM,,85,47.6,DERIVED_ANALYSIS,REAL,2026-09-28T16:40:33.803348Z
way/848710440,"Bridge #182 (82.231, 16.809)",bridges,Transport Bridge / Culvert,16.80853,82.230787,50.9,MEDIUM,,85,50.9,DERIVED_ANALYSIS,REAL,2026-09-28T16:40:33.803367Z
way/848798283,"Bridge #183 (82.242, 16.910)",bridges,Transport Bridge / Culvert,16.910299,82.241762,51.0,MEDIUM,,85,51.0,DERIVED_ANALYSIS,REAL,2026-09-28T16:40:33.803384Z
way/848798292,"Bridge #184 (82.242, 16.899)",bridges,Transport Bridge / Culvert,16.899163,82.242115,48.1,MEDIUM,,85,48.1,DERIVED_ANALYSIS,REAL,2026-09-28T16:40:33.803402Z
way/848860081,"Bridge #185 (82.221, 16.905)",bridges,Transport Bridge / Culvert,16.904912,82.220512,49.4,MEDIUM,,85,49.4,DERIVED_ANALYSIS,REAL,2026-09-28T16:40:33.803422Z
way/848860083,"Bridge #186 (82.234, 16.918)",bridges,Transport Bridge / Culvert,16.918364,82.234224,53.6,MEDIUM,,85,53.6,DERIVED_ANALYSIS,REAL,2026-09-28T16:40:33.803443Z
way/848862705,"Bridge #187 (82.220, 16.902)",bridges,Transport Bridge / Culvert,16.902393,82.219508,48.7,MEDIUM,,85,48.7,DERIVED_ANALYSIS,REAL,2026-09-28T16:40:33.803461Z
way/849661541,MDR0156,bridges,Transport Bridge / Culvert,16.956125,82.128537,42.3,MEDIUM,,85,42.3,DERIVED_ANALYSIS,REAL,2026-09-28T16:40:33.803479Z
way/849662932,"Bridge #189 (82.127, 16.955)",bridges,Transport Bridge / Culvert,16.954999,82.126979,42.1,MEDIUM,,85,42.1,DERIVED_ANALYSIS,REAL,2026-09-28T16:40:33.803499Z
way/849662935,"Bridge #190 (82.125, 16.954)",bridges,Transport Bridge / Culvert,16.954483,82.125456,41.9,MEDIUM,,85,41.9,DERIVED_ANALYSIS,REAL,2026-09-28T16:40:33.803519Z
way/849662937,"Bridge #191 (82.128, 16.956)",bridges,Transport Bridge / Culvert,16.955658,82.12788,42.2,MEDIUM,,85,42.2,DERIVED_ANALYSIS,REAL,2026-09-28T16:40:33.803537Z
way/849758921,"Bridge #192 (82.245, 16.932)",bridges,Transport Bridge / Culvert,16.932459,82.245128,57.9,MEDIUM,,85,57.9,DERIVED_ANALYSIS,REAL,2026-09-28T16:40:33.803557Z
way/849758928,"Bridge #193 (82.261, 16.939)",bridges,Transport Bridge / Culvert,16.93938,82.26077,56.0,MEDIUM,,85,56.0,DERIVED_ANALYSIS,REAL,2026-09-28T16:40:33.803577Z
way/850003463,"Bridge #194 (82.154, 16.904)",bridges,Transport Bridge / Culvert,16.904361,82.153758,42.7,MEDIUM,,85,42.7,DERIVED_ANALYSIS,REAL,2026-09-28T16:40:33.803597Z
way/850050918,"Bridge #195 (82.105, 16.785)",bridges,Transport Bridge / Culvert,16.785194,82.105281,39.3,LOW,,85,39.3,DERIVED_ANALYSIS,REAL,2026-09-28T16:40:33.803616Z
way/850067520,"Bridge #196 (82.117, 16.785)",bridges,Transport Bridge / Culvert,16.785424,82.117021,39.6,LOW,,85,39.6,DERIVED_ANALYSIS,REAL,2026-09-28T16:40:33.803635Z
way/850090411,"Bridge #197 (82.175, 16.970)",bridges,Transport Bridge / Culvert,16.970245,82.175228,48.7,MEDIUM,,85,48.7,DERIVED_ANALYSIS,REAL,2026-09-28T16:40:33.803655Z
way/850090413,"Bridge #198 (82.154, 16.982)",bridges,Transport Bridge / Culvert,16.981534,82.153648,44.7,MEDIUM,,85,44.7,DERIVED_ANALYSIS,REAL,2026-09-28T16:40:33.803675Z
way/850090426,"Bridge #199 (82.142, 16.984)",bridges,Transport Bridge / Culvert,16.983985,82.142119,43.2,MEDIUM,,85,43.2,DERIVED_ANALYSIS,REAL,2026-09-28T16:40:33.803693Z
way/850092631,MDR0156,bridges,Transport Bridge / Culvert,16.985596,82.132091,41.8,MEDIUM,,85,41.8,DERIVED_ANALYSIS,REAL,2026-09-28T16:40:33.803711Z
way/850352520,"Bridge #201 (82.205, 16.920)",bridges,Transport Bridge / Culvert,16.919555,82.204623,51.2,MEDIUM,,85,51.2,DERIVED_ANALYSIS,REAL,2026-09-28T16:40:33.803729Z
way/850355734,"Bridge #202 (82.223, 16.829)",bridges,Transport Bridge / Culvert,16.828725,82.222884,53.2,MEDIUM,,85,53.2,DERIVED_ANALYSIS,REAL,2026-09-28T16:40:33.803750Z
way/850365363,"Bridge #203 (82.121, 16.853)",bridges,Transport Bridge / Culvert,16.852804,82.120653,40.7,MEDIUM,,85,40.7,DERIVED_ANALYSIS,REAL,2026-09-28T16:40:33.803768Z
way/850372038,"Bridge #204 (82.217, 16.926)",bridges,Transport Bridge / Culvert,16.925638,82.217073,54.3,MEDIUM,,85,54.3,DERIVED_ANALYSIS,REAL,2026-09-28T16:40:33.803787Z
way/850372040,"Bridge #205 (82.218, 16.926)",bridges,Transport Bridge / Culvert,16.926373,82.217727,54.6,MEDIUM,,85,54.6,DERIVED_ANALYSIS,REAL,2026-09-28T16:40:33.803806Z
way/850372045,SH14,bridges,Transport Bridge / Culvert,16.919681,82.210038,52.0,MEDIUM,,85,52.0,DERIVED_ANALYSIS,REAL,2026-09-28T16:40:33.803826Z
way/850372047,"Bridge #207 (82.203, 16.920)",bridges,Transport Bridge / Culvert,16.920087,82.202632,51.4,MEDIUM,,85,51.4,DERIVED_ANALYSIS,REAL,2026-09-28T16:40:33.803846Z
way/850377213,"Bridge #208 (82.209, 16.929)",bridges,Transport Bridge / Culvert,16.929412,82.208622,53.7,MEDIUM,,85,53.7,DERIVED_ANALYSIS,REAL,2026-09-28T16:40:33.803864Z
way/850380378,"Bridge #209 (82.127, 16.832)",bridges,Transport Bridge / Culvert,16.831982,82.127104,40.8,MEDIUM,,85,40.8,DERIVED_ANALYSIS,REAL,2026-09-28T16:40:33.803882Z
way/850381159,Pyna - Kakinada Road,bridges,Transport Bridge / Culvert,16.950484,82.150144,44.5,MEDIUM,,85,44.5,DERIVED_ANALYSIS,REAL,2026-09-28T16:40:33.803903Z
way/850386024,Ramachandrapuram - Penuguduru Road,bridges,Transport Bridge / Culvert,16.896428,82.165587,42.7,MEDIUM,,85,42.7,DERIVED_ANALYSIS,REAL,2026-09-28T16:40:33.803922Z
way/850394276,"Bridge #212 (82.168, 16.896)",bridges,Transport Bridge / Culvert,16.895858,82.168136,42.8,MEDIUM,,85,42.8,DERIVED_ANALYSIS,REAL,2026-09-28T16:40:33.803940Z
way/850395762,"Bridge #213 (82.201, 16.830)",bridges,Transport Bridge / Culvert,16.829606,82.200508,49.3,MEDIUM,,85,49.3,DERIVED_ANALYSIS,REAL,2026-09-28T16:40:33.803962Z
way/850395765,"Bridge #214 (82.202, 16.818)",bridges,Transport Bridge / Culvert,16.818332,82.201526,48.2,MEDIUM,,85,48.2,DERIVED_ANALYSIS,REAL,2026-09-28T16:40:33.803984Z
way/850408933,"Bridge #215 (82.146, 16.948)",bridges,Transport Bridge / Culvert,16.947983,82.145918,44.1,MEDIUM,,85,44.1,DERIVED_ANALYSIS,REAL,2026-09-28T16:40:33.804003Z
way/850410251,"Bridge #216 (82.196, 16.848)",bridges,Transport Bridge / Culvert,16.847983,82.196048,49.4,MEDIUM,,85,49.4,DERIVED_ANALYSIS,REAL,2026-09-28T16:40:33.804022Z
way/850411629,"Bridge #217 (82.199, 16.921)",bridges,Transport Bridge / Culvert,16.921153,82.198621,50.6,MEDIUM,,85,50.6,DERIVED_ANALYSIS,REAL,2026-09-28T16:40:33.804040Z
way/850416270,"Bridge #218 (82.189, 16.880)",bridges,Transport Bridge / Culvert,16.880116,82.188734,46.4,MEDIUM,,85,46.4,DERIVED_ANALYSIS,REAL,2026-09-28T16:40:33.804066Z
way/850416287,"Bridge #219 (82.189, 16.882)",bridges,Transport Bridge / Culvert,16.881513,82.189291,46.3,MEDIUM,,85,46.3,DERIVED_ANALYSIS,REAL,2026-09-28T16:40:33.804086Z
way/850416295,"Bridge #220 (82.192, 16.889)",bridges,Transport Bridge / Culvert,16.888711,82.191931,45.9,MEDIUM,,85,45.9,DERIVED_ANALYSIS,REAL,2026-09-28T16:40:33.804104Z
way/850418062,"Bridge #221 (82.143, 16.819)",bridges,Transport Bridge / Culvert,16.818783,82.143469,41.5,MEDIUM,,85,41.5,DERIVED_ANALYSIS,REAL,2026-09-28T16:40:33.804123Z
way/850418086,"Bridge #222 (82.136, 16.819)",bridges,Transport Bridge / Culvert,16.819202,82.13633,41.1,MEDIUM,,85,41.1,DERIVED_ANALYSIS,REAL,2026-09-28T16:40:33.804142Z
way/850428582,"Bridge #223 (82.189, 16.881)",bridges,Transport Bridge / Culvert,16.881387,82.189389,46.4,MEDIUM,,85,46.4,DERIVED_ANALYSIS,REAL,2026-09-28T16:40:33.804162Z
way/850439601,"Bridge #224 (82.195, 16.894)",bridges,Transport Bridge / Culvert,16.893751,82.19541,45.9,MEDIUM,,85,45.9,DERIVED_ANALYSIS,REAL,2026-09-28T16:40:33.804180Z
way/850442471,"Bridge #225 (82.184, 16.815)",bridges,Transport Bridge / Culvert,16.815496,82.183944,45.3,MEDIUM,,85,45.3,DERIVED_ANALYSIS,REAL,2026-09-28T16:40:33.804199Z
way/850451087,"Bridge #226 (82.200, 16.883)",bridges,Transport Bridge / Culvert,16.882823,82.199744,47.7,MEDIUM,,85,47.7,DERIVED_ANALYSIS,REAL,2026-09-28T16:40:33.804218Z
way/850451088,"Bridge #227 (82.211, 16.884)",bridges,Transport Bridge / Culvert,16.884413,82.211253,49.2,MEDIUM,,85,49.2,DERIVED_ANALYSIS,REAL,2026-09-28T16:40:33.804238Z
way/850451097,"Bridge #228 (82.216, 16.884)",bridges,Transport Bridge / Culvert,16.884083,82.215565,49.7,MEDIUM,,85,49.7,DERIVED_ANALYSIS,REAL,2026-09-28T16:40:33.804256Z
way/850451099,"Bridge #229 (82.212, 16.896)",bridges,Transport Bridge / Culvert,16.895916,82.212264,47.2,MEDIUM,,85,47.2,DERIVED_ANALYSIS,REAL,2026-09-28T16:40:33.804275Z
way/850461441,SH14,bridges,Transport Bridge / Culvert,16.843127,82.151469,42.5,MEDIUM,,85,42.5,DERIVED_ANALYSIS,REAL,2026-09-28T16:40:33.804294Z
way/850461443,"Bridge #231 (82.131, 16.841)",bridges,Transport Bridge / Culvert,16.840589,82.130987,41.2,MEDIUM,,85,41.2,DERIVED_ANALYSIS,REAL,2026-09-28T16:40:33.804313Z
way/850466646,"Bridge #232 (82.199, 16.897)",bridges,Transport Bridge / Culvert,16.896902,82.198751,46.1,MEDIUM,,85,46.1,DERIVED_ANALYSIS,REAL,2026-09-28T16:40:33.804331Z
way/850466663,"Bridge #233 (82.196, 16.896)",bridges,Transport Bridge / Culvert,16.895972,82.195837,45.6,MEDIUM,,85,45.6,DERIVED_ANALYSIS,REAL,2026-09-28T16:40:33.804350Z
way/850558657,"Bridge #234 (82.181, 16.985)",bridges,Transport Bridge / Culvert,16.985036,82.180594,48.3,MEDIUM,,85,48.3,DERIVED_ANALYSIS,REAL,2026-09-28T16:40:33.804369Z
way/850704090,MDR01,bridges,Transport Bridge / Culvert,16.782744,82.156868,41.6,MEDIUM,,85,41.6,DERIVED_ANALYSIS,REAL,2026-09-28T16:40:33.804389Z
way/850709677,"Bridge #236 (82.183, 16.934)",bridges,Transport Bridge / Culvert,16.933841,82.182646,49.5,MEDIUM,,85,49.5,DERIVED_ANALYSIS,REAL,2026-09-28T16:40:33.804408Z
way/850709680,"Bridge #237 (82.181, 16.939)",bridges,Transport Bridge / Culvert,16.939331,82.180769,49.4,MEDIUM,,85,49.4,DERIVED_ANALYSIS,REAL,2026-09-28T16:40:33.804426Z
way/850713774,"Bridge #238 (82.200, 16.831)",bridges,Transport Bridge / Culvert,16.830801,82.200182,49.3,MEDIUM,,85,49.3,DERIVED_ANALYSIS,REAL,2026-09-28T16:40:33.804445Z
way/850719351,"Bridge #239 (82.189, 16.927)",bridges,Transport Bridge / Culvert,16.927345,82.188628,49.8,MEDIUM,,85,49.8,DERIVED_ANALYSIS,REAL,2026-09-28T16:40:33.804464Z
way/850723945,"Bridge #240 (82.184, 16.816)",bridges,Transport Bridge / Culvert,16.816212,82.184053,45.4,MEDIUM,,85,45.4,DERIVED_ANALYSIS,REAL,2026-09-28T16:40:33.804484Z
way/850723947,"Bridge #241 (82.184, 16.816)",bridges,Transport Bridge / Culvert,16.816437,82.184073,45.4,MEDIUM,,85,45.4,DERIVED_ANALYSIS,REAL,2026-09-28T16:40:33.804502Z
way/850725658,"Bridge #242 (82.173, 16.922)",bridges,Transport Bridge / Culvert,16.92247,82.172681,46.6,MEDIUM,,85,46.6,DERIVED_ANALYSIS,REAL,2026-09-28T16:40:33.804521Z
way/850727663,"Bridge #243 (82.153, 16.784)",bridges,Transport Bridge / Culvert,16.783772,82.152568,41.3,MEDIUM,,85,41.3,DERIVED_ANALYSIS,REAL,2026-09-28T16:40:33.804539Z
way/850732486,MDR02,bridges,Transport Bridge / Culvert,16.937464,82.155658,45.1,MEDIUM,,85,45.1,DERIVED_ANALYSIS,REAL,2026-09-28T16:40:33.804558Z
way/850735380,"Bridge #245 (82.159, 16.868)",bridges,Transport Bridge / Culvert,16.867819,82.15894,42.8,MEDIUM,,85,42.8,DERIVED_ANALYSIS,REAL,2026-09-28T16:40:33.804577Z
way/850736926,"Bridge #246 (82.133, 16.824)",bridges,Transport Bridge / Culvert,16.82442,82.133076,41.1,MEDIUM,,85,41.1,DERIVED_ANALYSIS,REAL,2026-09-28T16:40:33.804596Z
way/850736928,"Bridge #247 (82.134, 16.826)",bridges,Transport Bridge / Culvert,16.825519,82.133721,41.1,MEDIUM,,85,41.1,DERIVED_ANALYSIS,REAL,2026-09-28T16:40:33.804614Z
way/850754054,MDR01,bridges,Transport Bridge / Culvert,16.777218,82.136012,40.7,MEDIUM,,85,40.7,DERIVED_ANALYSIS,REAL,2026-09-28T16:40:33.804634Z
way/850758926,"Bridge #249 (82.185, 16.930)",bridges,Transport Bridge / Culvert,16.929876,82.185136,49.6,MEDIUM,,85,49.6,DERIVED_ANALYSIS,REAL,2026-09-28T16:40:33.804653Z
way/850768096,MDR01,bridges,Transport Bridge / Culvert,16.844169,82.169316,44.6,MEDIUM,,85,44.6,DERIVED_ANALYSIS,REAL,2026-09-28T16:40:33.804674Z
way/850768099,SH14,bridges,Transport Bridge / Culvert,16.84853,82.163906,43.8,MEDIUM,,85,43.8,DERIVED_ANALYSIS,REAL,2026-09-28T16:40:33.804692Z
way/850768101,"Bridge #252 (82.157, 16.854)",bridges,Transport Bridge / Culvert,16.854445,82.15689,42.9,MEDIUM,,85,42.9,DERIVED_ANALYSIS,REAL,2026-09-28T16:40:33.804710Z
way/850768103,"Bridge #253 (82.160, 16.852)",bridges,Transport Bridge / Culvert,16.851911,82.159647,43.0,MEDIUM,,85,43.0,DERIVED_ANALYSIS,REAL,2026-09-28T16:40:33.804729Z
way/850782652,"Bridge #254 (82.146, 16.789)",bridges,Transport Bridge / Culvert,16.789358,82.14554,40.6,MEDIUM,,85,40.6,DERIVED_ANALYSIS,REAL,2026-09-28T16:40:33.804748Z
way/850792601,MDR0157,bridges,Transport Bridge / Culvert,16.921556,82.108848,39.9,LOW,,85,39.9,DERIVED_ANALYSIS,REAL,2026-09-28T16:40:33.804768Z
way/850810961,MDR0161,bridges,Transport Bridge / Culvert,16.802431,82.156922,41.7,MEDIUM,,85,41.7,DERIVED_ANALYSIS,REAL,2026-09-28T16:40:33.804786Z
way/850826665,"Bridge #257 (82.181, 16.870)",bridges,Transport Bridge / Culvert,16.870368,82.181017,46.0,MEDIUM,,85,46.0,DERIVED_ANALYSIS,REAL,2026-09-28T16:40:33.804806Z
way/850843148,MDR0156,bridges,Transport Bridge / Culvert,16.938558,82.128653,42.4,MEDIUM,,85,42.4,DERIVED_ANALYSIS,REAL,2026-09-28T16:40:33.804827Z
way/850844208,MDR0156,bridges,Transport Bridge / Culvert,16.922946,82.14696,43.3,MEDIUM,,85,43.3,DERIVED_ANALYSIS,REAL,2026-09-28T16:40:33.804845Z
way/850851579,MDR0156,bridges,Transport Bridge / Culvert,16.926167,82.136819,42.8,MEDIUM,,85,42.8,DERIVED_ANALYSIS,REAL,2026-09-28T16:40:33.804862Z
way/850854757,"Bridge #261 (82.138, 16.891)",bridges,Transport Bridge / Culvert,16.890907,82.137994,41.0,MEDIUM,,85,41.0,DERIVED_ANALYSIS,REAL,2026-09-28T16:40:33.804883Z
way/850864160,"Bridge #262 (82.164, 16.798)",bridges,Transport Bridge / Culvert,16.798038,82.163709,41.8,MEDIUM,,85,41.8,DERIVED_ANALYSIS,REAL,2026-09-28T16:40:33.804902Z
way/850865070,"Bridge #263 (82.146, 16.863)",bridges,Transport Bridge / Culvert,16.863025,82.145743,42.1,MEDIUM,,85,42.1,DERIVED_ANALYSIS,REAL,2026-09-28T16:40:33.804920Z
way/850865072,"Bridge #264 (82.138, 16.868)",bridges,Transport Bridge / Culvert,16.868233,82.137645,41.5,MEDIUM,,85,41.5,DERIVED_ANALYSIS,REAL,2026-09-28T16:40:33.804979Z
way/850866082,Ramachandrapuram - Penuguduru Road,bridges,Transport Bridge / Culvert,16.874548,82.130525,41.0,MEDIUM,,85,41.0,DERIVED_ANALYSIS,REAL,2026-09-28T16:40:33.805000Z
way/850866140,"Bridge #266 (82.179, 16.876)",bridges,Transport Bridge / Culvert,16.875719,82.179379,45.4,MEDIUM,,85,45.4,DERIVED_ANALYSIS,REAL,2026-09-28T16:40:33.805020Z
way/850874726,"Bridge #267 (82.127, 16.936)",bridges,Transport Bridge / Culvert,16.936406,82.126879,42.2,MEDIUM,,85,42.2,DERIVED_ANALYSIS,REAL,2026-09-28T16:40:33.805038Z
way/850891738,"Bridge #268 (82.170, 16.859)",bridges,Transport Bridge / Culvert,16.859183,82.170199,44.7,MEDIUM,,85,44.7,DERIVED_ANALYSIS,REAL,2026-09-28T16:40:33.805056Z
way/850910606,"Bridge #269 (82.169, 16.855)",bridges,Transport Bridge / Culvert,16.855482,82.168536,44.5,MEDIUM,,85,44.5,DERIVED_ANALYSIS,REAL,2026-09-28T16:40:33.805093Z
way/851353691,"Bridge #270 (82.121, 16.867)",bridges,Transport Bridge / Culvert,16.867004,82.121007,40.6,MEDIUM,,85,40.6,DERIVED_ANALYSIS,REAL,2026-09-28T16:40:33.805114Z
way/851365267,MDR0163,bridges,Transport Bridge / Culvert,16.866261,82.188106,47.5,MEDIUM,,85,47.5,DERIVED_ANALYSIS,REAL,2026-09-28T16:40:33.805134Z
way/851373437,"Bridge #272 (82.179, 16.837)",bridges,Transport Bridge / Culvert,16.836684,82.178606,45.9,MEDIUM,,85,45.9,DERIVED_ANALYSIS,REAL,2026-09-28T16:40:33.805152Z
way/851380556,"Bridge #273 (82.221, 16.758)",bridges,Transport Bridge / Culvert,16.758034,82.220802,52.9,MEDIUM,,85,52.9,DERIVED_ANALYSIS,REAL,2026-09-28T16:40:33.805171Z
way/851383615,"Bridge #274 (82.240, 16.767)",bridges,Transport Bridge / Culvert,16.766527,82.240449,55.8,MEDIUM,,85,55.8,DERIVED_ANALYSIS,REAL,2026-09-28T16:40:33.805191Z
way/851394474,"Bridge #275 (82.222, 16.865)",bridges,Transport Bridge / Culvert,16.864849,82.221919,54.1,MEDIUM,,85,54.1,DERIVED_ANALYSIS,REAL,2026-09-28T16:40:33.805210Z
way/851397612,MDR0160,bridges,Transport Bridge / Culvert,16.770856,82.233778,53.7,MEDIUM,,85,53.7,DERIVED_ANALYSIS,REAL,2026-09-28T16:40:33.805229Z
way/851414520,MDR0161,bridges,Transport Bridge / Culvert,16.798177,82.187462,43.7,MEDIUM,,85,43.7,DERIVED_ANALYSIS,REAL,2026-09-28T16:40:33.805247Z
way/851414523,"Bridge #278 (82.186, 16.801)",bridges,Transport Bridge / Culvert,16.801314,82.186286,43.9,MEDIUM,,85,43.9,DERIVED_ANALYSIS,REAL,2026-09-28T16:40:33.805267Z
way/851434937,KANF Road - Madhavapatnam - Rameswaram Road,bridges,Transport Bridge / Culvert,16.992947,82.209829,51.9,MEDIUM,,85,51.9,DERIVED_ANALYSIS,REAL,2026-09-28T16:40:33.805284Z
way/851444623,"Bridge #280 (82.212, 16.867)",bridges,Transport Bridge / Culvert,16.867233,82.212247,51.9,MEDIUM,,85,51.9,DERIVED_ANALYSIS,REAL,2026-09-28T16:40:33.805302Z
way/851444625,"Bridge #281 (82.204, 16.869)",bridges,Transport Bridge / Culvert,16.86895,82.204363,50.2,MEDIUM,,85,50.2,DERIVED_ANALYSIS,REAL,2026-09-28T16:40:33.805322Z
way/851447711,"Bridge #282 (82.197, 16.874)",bridges,Transport Bridge / Culvert,16.873696,82.196882,48.4,MEDIUM,,85,48.4,DERIVED_ANALYSIS,REAL,2026-09-28T16:40:33.805343Z
way/851448965,"Bridge #283 (82.200, 16.872)",bridges,Transport Bridge / Culvert,16.87217,82.199826,49.0,MEDIUM,,85,49.0,DERIVED_ANALYSIS,REAL,2026-09-28T16:40:33.805361Z
way/851451069,"Bridge #284 (82.218, 16.866)",bridges,Transport Bridge / Culvert,16.866376,82.217616,53.0,MEDIUM,,85,53.0,DERIVED_ANALYSIS,REAL,2026-09-28T16:40:33.805379Z
way/851460541,"Bridge #285 (82.186, 16.802)",bridges,Transport Bridge / Culvert,16.802482,82.185769,44.0,MEDIUM,,85,44.0,DERIVED_ANALYSIS,REAL,2026-09-28T16:40:33.805399Z
way/851461688,"Bridge #286 (82.149, 16.809)",bridges,Transport Bridge / Culvert,16.808599,82.149135,41.6,MEDIUM,,85,41.6,DERIVED_ANALYSIS,REAL,2026-09-28T16:40:33.805419Z
way/851469903,"Bridge #287 (82.184, 16.811)",bridges,Transport Bridge / Culvert,16.811315,82.183802,44.9,MEDIUM,,85,44.9,DERIVED_ANALYSIS,REAL,2026-09-28T16:40:33.805437Z
way/851469905,"Bridge #288 (82.183, 16.808)",bridges,Transport Bridge / Culvert,16.80814,82.183363,44.4,MEDIUM,,85,44.4,DERIVED_ANALYSIS,REAL,2026-09-28T16:40:33.805455Z
way/851478876,"Bridge #289 (82.145, 16.801)",bridges,Transport Bridge / Culvert,16.801252,82.145471,41.0,MEDIUM,,85,41.0,DERIVED_ANALYSIS,REAL,2026-09-28T16:40:33.805474Z
way/851481208,NH216,bridges,Transport Bridge / Culvert,16.900532,82.236506,48.4,MEDIUM,,85,48.4,DERIVED_ANALYSIS,REAL,2026-09-28T16:40:33.805492Z
way/851488723,"Bridge #291 (82.202, 16.870)",bridges,Transport Bridge / Culvert,16.870225,82.202149,49.6,MEDIUM,,85,49.6,DERIVED_ANALYSIS,REAL,2026-09-28T16:40:33.805511Z
way/851488725,"Bridge #292 (82.209, 16.868)",bridges,Transport Bridge / Culvert,16.867866,82.20852,51.0,MEDIUM,,85,51.0,DERIVED_ANALYSIS,REAL,2026-09-28T16:40:33.805529Z
way/851605453,SH216,bridges,Transport Bridge / Culvert,16.960151,82.223433,59.2,MEDIUM,,85,59.2,DERIVED_ANALYSIS,REAL,2026-09-28T16:40:33.805551Z
way/851871703,Pyna - Kakinada Road,bridges,Transport Bridge / Culvert,16.945555,82.154727,45.2,MEDIUM,,85,45.2,DERIVED_ANALYSIS,REAL,2026-09-28T16:40:33.805569Z
way/852245468,MDR02,bridges,Transport Bridge / Culvert,16.860592,82.109778,39.6,LOW,,85,39.6,DERIVED_ANALYSIS,REAL,2026-09-28T16:40:33.805590Z
way/852245785,"Bridge #296 (82.223, 16.864)",bridges,Transport Bridge / Culvert,16.864207,82.223369,54.4,MEDIUM,,85,54.4,DERIVED_ANALYSIS,REAL,2026-09-28T16:40:33.805608Z
way/852246130,MDR01,bridges,Transport Bridge / Culvert,16.817425,82.167719,43.1,MEDIUM,,85,43.1,DERIVED_ANALYSIS,REAL,2026-09-28T16:40:33.805627Z
way/852246199,"Bridge #298 (82.155, 16.947)",bridges,Transport Bridge / Culvert,16.94661,82.154747,45.3,MEDIUM,,85,45.3,DERIVED_ANALYSIS,REAL,2026-09-28T16:40:33.805644Z
way/852246206,"Bridge #299 (82.167, 16.953)",bridges,Transport Bridge / Culvert,16.95321,82.167389,47.5,MEDIUM,,85,47.5,DERIVED_ANALYSIS,REAL,2026-09-28T16:40:33.805664Z
way/852269407,"Bridge #300 (82.219, 16.930)",bridges,Transport Bridge / Culvert,16.930349,82.218501,55.7,MEDIUM,,85,55.7,DERIVED_ANALYSIS,REAL,2026-09-28T16:40:33.805681Z
way/852278905,SH14,bridges,Transport Bridge / Culvert,16.821269,82.116663,40.0,MEDIUM,,85,40.0,DERIVED_ANALYSIS,REAL,2026-09-28T16:40:33.805701Z
way/852283895,"Bridge #302 (82.110, 16.806)",bridges,Transport Bridge / Culvert,16.805789,82.109988,39.5,LOW,,85,39.5,DERIVED_ANALYSIS,REAL,2026-09-28T16:40:33.805720Z
way/852284173,"Bridge #303 (82.219, 16.971)",bridges,Transport Bridge / Culvert,16.970957,82.219058,56.5,MEDIUM,,85,56.5,DERIVED_ANALYSIS,REAL,2026-09-28T16:40:33.805740Z
way/852331973,"Bridge #304 (82.154, 16.959)",bridges,Transport Bridge / Culvert,16.958518,82.154289,45.3,MEDIUM,,85,45.3,DERIVED_ANALYSIS,REAL,2026-09-28T16:40:33.805758Z
way/852331975,"Bridge #305 (82.154, 16.955)",bridges,Transport Bridge / Culvert,16.955335,82.154372,45.4,MEDIUM,,85,45.4,DERIVED_ANALYSIS,REAL,2026-09-28T16:40:33.805779Z
way/852331978,"Bridge #306 (82.155, 16.948)",bridges,Transport Bridge / Culvert,16.948352,82.154638,45.3,MEDIUM,,85,45.3,DERIVED_ANALYSIS,REAL,2026-09-28T16:40:33.805796Z
way/852352857,Indrapalem road bridge,bridges,Transport Bridge / Culvert,16.959751,82.223249,59.2,MEDIUM,,85,59.2,DERIVED_ANALYSIS,REAL,2026-09-28T16:40:33.805817Z
way/852367972,"Bridge #308 (82.108, 16.809)",bridges,Transport Bridge / Culvert,16.808734,82.108055,39.5,LOW,,85,39.5,DERIVED_ANALYSIS,REAL,2026-09-28T16:40:33.805835Z
way/852367974,"Bridge #309 (82.123, 16.808)",bridges,Transport Bridge / Culvert,16.807765,82.123356,40.3,MEDIUM,,85,40.3,DERIVED_ANALYSIS,REAL,2026-09-28T16:40:33.805855Z
way/852367978,"Bridge #310 (82.114, 16.796)",bridges,Transport Bridge / Culvert,16.795663,82.113776,39.5,LOW,,85,39.5,DERIVED_ANALYSIS,REAL,2026-09-28T16:40:33.805875Z
way/852600868,"Bridge #311 (82.208, 16.992)",bridges,Transport Bridge / Culvert,16.99243,82.208322,51.5,MEDIUM,,85,51.5,DERIVED_ANALYSIS,REAL,2026-09-28T16:40:33.805893Z
way/852606844,"Bridge #312 (82.214, 16.984)",bridges,Transport Bridge / Culvert,16.98425,82.214127,53.1,MEDIUM,,85,53.1,DERIVED_ANALYSIS,REAL,2026-09-28T16:40:33.805912Z
way/852610856,"Bridge #313 (82.213, 16.988)",bridges,Transport Bridge / Culvert,16.988067,82.213113,52.3,MEDIUM,,85,52.3,DERIVED_ANALYSIS,REAL,2026-09-28T16:40:33.805931Z
way/852612766,"Bridge #314 (82.214, 16.985)",bridges,Transport Bridge / Culvert,16.985033,82.214451,53.0,MEDIUM,,85,53.0,DERIVED_ANALYSIS,REAL,2026-09-28T16:40:33.805951Z
way/852623302,"Bridge #315 (82.263, 16.992)",bridges,Transport Bridge / Culvert,16.992347,82.262761,62.6,HIGH,,85,62.6,DERIVED_ANALYSIS,REAL,2026-09-28T16:40:33.805976Z
way/852631417,"Bridge #316 (82.262, 16.992)",bridges,Transport Bridge / Culvert,16.992011,82.262395,62.5,HIGH,,85,62.5,DERIVED_ANALYSIS,REAL,2026-09-28T16:40:33.805997Z
way/852645549,KANF Road - Madhavapatnam - Rameswaram Road,bridges,Transport Bridge / Culvert,16.985493,82.203273,51.6,MEDIUM,,85,51.6,DERIVED_ANALYSIS,REAL,2026-09-28T16:40:33.806017Z
way/852682462,Pyna - Kakinada Road,bridges,Transport Bridge / Culvert,16.961369,82.210189,56.0,MEDIUM,,85,56.0,DERIVED_ANALYSIS,REAL,2026-09-28T16:40:33.806035Z
way/852694298,KANF Road - Madhavapatnam - Rameswaram Road,bridges,Transport Bridge / Culvert,16.99649,82.233262,57.6,MEDIUM,,85,57.6,DERIVED_ANALYSIS,REAL,2026-09-28T16:40:33.806054Z
way/852694300,KANF Road - Madhavapatnam - Rameswaram Road,bridges,Transport Bridge / Culvert,16.996576,82.233339,57.6,MEDIUM,,85,57.6,DERIVED_ANALYSIS,REAL,2026-09-28T16:40:33.806076Z
way/852694308,"Bridge #321 (82.228, 16.990)",bridges,Transport Bridge / Culvert,16.990208,82.228205,55.6,MEDIUM,,85,55.6,DERIVED_ANALYSIS,REAL,2026-09-28T16:40:33.806095Z
way/852694309,"Bridge #322 (82.223, 16.990)",bridges,Transport Bridge / Culvert,16.990007,82.223304,54.5,MEDIUM,,85,54.5,DERIVED_ANALYSIS,REAL,2026-09-28T16:40:33.806113Z
way/987628355,"Bridge #323 (82.178, 16.941)",bridges,Transport Bridge / Culvert,16.94083,82.177981,49.0,MEDIUM,,85,49.0,DERIVED_ANALYSIS,REAL,2026-09-28T16:40:33.806131Z
way/1014655914,"Bridge #324 (82.220, 16.981)",bridges,Transport Bridge / Culvert,16.980807,82.22005,54.5,MEDIUM,,85,54.5,DERIVED_ANALYSIS,REAL,2026-09-28T16:40:33.806151Z
way/1103988851,Kalpana Bridge,bridges,Transport Bridge / Culvert,16.955952,82.240145,66.9,HIGH,,85,66.9,DERIVED_ANALYSIS,REAL,2026-09-28T16:40:33.806173Z
way/1103988857,MOOTHA GOPAL KRISHNA VARADHI,bridges,Transport Bridge / Culvert,16.969265,82.229988,58.3,MEDIUM,,85,58.3,DERIVED_ANALYSIS,REAL,2026-09-28T16:40:33.806192Z
way/1103988860,"Bridge #327 (82.233, 16.968)",bridges,Transport Bridge / Culvert,16.967812,82.233015,58.9,MEDIUM,,85,58.9,DERIVED_ANALYSIS,REAL,2026-09-28T16:40:33.806212Z
way/1103993336,"Bridge #328 (82.200, 16.831)",bridges,Transport Bridge / Culvert,16.830813,82.200232,49.4,MEDIUM,,85,49.4,DERIVED_ANALYSIS,REAL,2026-09-28T16:40:33.806232Z
way/1193899712,Kalpana Bridge,bridges,Transport Bridge / Culvert,16.956085,82.24325,65.1,HIGH,,85,65.1,DERIVED_ANALYSIS,REAL,2026-09-28T16:40:33.806252Z
way/1238802980,SH216,bridges,Transport Bridge / Culvert,16.942944,82.231027,61.3,HIGH,,85,61.3,DERIVED_ANALYSIS,REAL,2026-09-28T16:40:33.806270Z
way/1238803140,Kakinada Bypass,bridges,Transport Bridge / Culvert,16.943384,82.210573,56.1,MEDIUM,,85,56.1,DERIVED_ANALYSIS,REAL,2026-09-28T16:40:33.806290Z
way/1270213228,Kakinada Bypass,bridges,Transport Bridge / Culvert,16.927094,82.217008,54.6,MEDIUM,,85,54.6,DERIVED_ANALYSIS,REAL,2026-09-28T16:40:33.806309Z
way/1298717264,MOOTHA GOPALA KRISHNA VARADHI,bridges,Transport Bridge / Culvert,16.973578,82.231607,57.3,MEDIUM,,85,57.3,DERIVED_ANALYSIS,REAL,2026-09-28T16:40:33.806327Z
way/1298717268,MOOTHA GOPALA KRISHNA VARADHI,bridges,Transport Bridge / Culvert,16.973598,82.231508,57.2,MEDIUM,,85,57.2,DERIVED_ANALYSIS,REAL,2026-09-28T16:40:33.806346Z
way/1298717270,MOOTHA GOPALA KRISHNA VARADHI,bridges,Transport Bridge / Culvert,16.975095,82.232383,56.9,MEDIUM,,85,56.9,DERIVED_ANALYSIS,REAL,2026-09-28T16:40:33.806369Z
way/1298717272,MOOTHA GOPALA KRISHNA VARADHI,bridges,Transport Bridge / Culvert,16.975196,82.232359,56.9,MEDIUM,,85,56.9,DERIVED_ANALYSIS,REAL,2026-09-28T16:40:33.806388Z
way/1299897025,Kakinada Bypass,bridges,Transport Bridge / Culvert,16.95912,82.208398,57.3,MEDIUM,,85,57.3,DERIVED_ANALYSIS,REAL,2026-09-28T16:40:33.806406Z
way/1299897027,Kakinada Bypass,bridges,Transport Bridge / Culvert,16.961483,82.208433,55.6,MEDIUM,,85,55.6,DERIVED_ANALYSIS,REAL,2026-09-28T16:40:33.806424Z
way/1299897029,Kakinada Bypass,bridges,Transport Bridge / Culvert,16.967925,82.209316,55.1,MEDIUM,,85,55.1,DERIVED_ANALYSIS,REAL,2026-09-28T16:40:33.806445Z
way/1324901726,KANF Road - Madhavapatnam - Rameswaram Road,bridges,Transport Bridge / Culvert,16.993396,82.210363,52.0,MEDIUM,,85,52.0,DERIVED_ANALYSIS,REAL,2026-09-28T16:40:33.806464Z
way/1391095695,"Bridge #341 (82.120, 16.878)",bridges,Transport Bridge / Culvert,16.877823,82.1201,40.4,MEDIUM,,85,40.4,DERIVED_ANALYSIS,REAL,2026-09-28T16:40:33.806482Z
way/1524091239,NH216,bridges,Transport Bridge / Culvert,16.753085,82.221667,53.4,MEDIUM,,85,53.4,DERIVED_ANALYSIS,REAL,2026-09-28T16:40:33.806500Z
way/1541439608,"Bridge #343 (82.115, 16.888)",bridges,Transport Bridge / Culvert,16.887534,82.114923,39.6,LOW,,85,39.6,DERIVED_ANALYSIS,REAL,2026-09-28T16:40:33.806521Z
way/238763089,NH216,roads,Highway / Road Segment,16.838457,82.231848,53.0,MEDIUM,,60,53.0,DERIVED_ANALYSIS,REAL,2026-09-28T16:40:33.806540Z
way/362421200,Kakinada Main Road,roads,Highway / Road Segment,16.953186,82.234719,64.1,HIGH,,60,64.1,DERIVED_ANALYSIS,REAL,2026-09-28T16:40:33.806562Z
way/362421201,NH216,roads,Highway / Road Segment,16.875636,82.232984,49.9,MEDIUM,,60,49.9,DERIVED_ANALYSIS,REAL,2026-09-28T16:40:33.806580Z
way/362421954,Kakinada - Rajanagaram (ADB) Road,roads,Highway / Road Segment,16.942083,82.23991,60.1,HIGH,,60,60.1,DERIVED_ANALYSIS,REAL,2026-09-28T16:40:33.806602Z
way/362422111,Karapa - Chintapalli Road,roads,Highway / Road Segment,16.903343,82.164178,39.4,LOW,,60,39.4,DERIVED_ANALYSIS,REAL,2026-09-28T16:40:33.806620Z
way/362422847,Karapa - Chintapalli Road,roads,Highway / Road Segment,16.909679,82.138622,38.4,LOW,,60,38.4,DERIVED_ANALYSIS,REAL,2026-09-28T16:40:33.806639Z
way/362422884,Karapa - Chintapalli Road,roads,Highway / Road Segment,16.904459,82.159415,39.2,LOW,,60,39.2,DERIVED_ANALYSIS,REAL,2026-09-28T16:40:33.806657Z
way/362423206,MDR02,roads,Highway / Road Segment,16.921628,82.16729,42.0,MEDIUM,,60,42.0,DERIVED_ANALYSIS,REAL,2026-09-28T16:40:33.806678Z
way/362423966,MDR0211,roads,Highway / Road Segment,16.943953,82.235915,61.0,HIGH,,60,61.0,DERIVED_ANALYSIS,REAL,2026-09-28T16:40:33.806697Z
way/362424014,MDR0211,roads,Highway / Road Segment,16.950539,82.236383,68.2,HIGH,,60,68.2,DERIVED_ANALYSIS,REAL,2026-09-28T16:40:33.806718Z
way/362424015,SH14,roads,Highway / Road Segment,16.880206,82.189111,42.8,MEDIUM,,60,42.8,DERIVED_ANALYSIS,REAL,2026-09-28T16:40:33.806737Z
way/362424467,Kakinada - Rajanagaram (ADB) Road,roads,Highway / Road Segment,16.948374,82.256687,54.8,MEDIUM,,60,54.8,DERIVED_ANALYSIS,REAL,2026-09-28T16:40:33.806760Z
way/366343229,SH216,roads,Highway / Road Segment,16.950188,82.229106,58.1,MEDIUM,,60,58.1,DERIVED_ANALYSIS,REAL,2026-09-28T16:40:33.806780Z
way/396373723,MDR02,roads,Highway / Road Segment,16.941551,82.155223,41.4,MEDIUM,,60,41.4,DERIVED_ANALYSIS,REAL,2026-09-28T16:40:33.806799Z
way/396373727,MDR02,roads,Highway / Road Segment,16.938503,82.159141,41.9,MEDIUM,,60,41.9,DERIVED_ANALYSIS,REAL,2026-09-28T16:40:33.806819Z
way/396373736,MDR0163,roads,Highway / Road Segment,16.864264,82.223309,50.7,MEDIUM,,60,50.7,DERIVED_ANALYSIS,REAL,2026-09-28T16:40:33.806839Z
way/396373742,MDR02,roads,Highway / Road Segment,16.93853,82.162177,42.5,MEDIUM,,60,42.5,DERIVED_ANALYSIS,REAL,2026-09-28T16:40:33.806857Z
way/396373747,SH14,roads,Highway / Road Segment,16.863879,82.182113,42.8,MEDIUM,,60,42.8,DERIVED_ANALYSIS,REAL,2026-09-28T16:40:33.806875Z
way/564839013,Kakinada Main Road,roads,Highway / Road Segment,16.92078,82.237135,50.6,MEDIUM,,60,50.6,DERIVED_ANALYSIS,REAL,2026-09-28T16:40:33.806894Z
way/564839014,SH14,roads,Highway / Road Segment,16.900341,82.192715,42.4,MEDIUM,,60,42.4,DERIVED_ANALYSIS,REAL,2026-09-28T16:40:33.806914Z
way/564839019,Ramachandrapuram - Penuguduru Road,roads,Highway / Road Segment,16.901452,82.179071,41.0,MEDIUM,,60,41.0,DERIVED_ANALYSIS,REAL,2026-09-28T16:40:33.806932Z
way/564839042,MDR0164,roads,Highway / Road Segment,16.904306,82.170576,40.4,MEDIUM,,60,40.4,DERIVED_ANALYSIS,REAL,2026-09-28T16:40:33.806952Z
way/564839137,SH14,roads,Highway / Road Segment,16.931151,82.22252,52.8,MEDIUM,,60,52.8,DERIVED_ANALYSIS,REAL,2026-09-28T16:40:33.807033Z
way/637293550,Kakinada Main Road,roads,Highway / Road Segment,16.94237,82.233243,57.8,MEDIUM,,60,57.8,DERIVED_ANALYSIS,REAL,2026-09-28T16:40:33.807056Z
way/707196204,MDR02,roads,Highway / Road Segment,16.93994,82.162613,42.6,MEDIUM,,60,42.6,DERIVED_ANALYSIS,REAL,2026-09-28T16:40:33.807075Z
way/761950028,MDR0163,roads,Highway / Road Segment,16.86788,82.201824,46.0,MEDIUM,,60,46.0,DERIVED_ANALYSIS,REAL,2026-09-28T16:40:33.807096Z
way/848848687,NH216,roads,Highway / Road Segment,16.897118,82.235513,44.8,MEDIUM,,60,44.8,DERIVED_ANALYSIS,REAL,2026-09-28T16:40:33.807115Z
way/848848688,NH216,roads,Highway / Road Segment,16.897118,82.235513,44.8,MEDIUM,,60,44.8,DERIVED_ANALYSIS,REAL,2026-09-28T16:40:33.807133Z
way/848848689,NH216,roads,Highway / Road Segment,16.90449,82.237687,46.4,MEDIUM,,60,46.4,DERIVED_ANALYSIS,REAL,2026-09-28T16:40:33.807152Z
way/850372041,"Road #373 (82.217, 16.927)",roads,Highway / Road Segment,16.926703,82.217307,50.9,MEDIUM,,60,50.9,DERIVED_ANALYSIS,REAL,2026-09-28T16:40:33.807170Z
way/850372042,"Road #374 (82.219, 16.926)",roads,Highway / Road Segment,16.925664,82.219136,50.9,MEDIUM,,60,50.9,DERIVED_ANALYSIS,REAL,2026-09-28T16:40:33.807190Z
way/850372046,SH14,roads,Highway / Road Segment,16.913213,82.201599,45.8,MEDIUM,,60,45.8,DERIVED_ANALYSIS,REAL,2026-09-28T16:40:33.807209Z
way/850381160,Pyna - Kakinada Road,roads,Highway / Road Segment,16.94799,82.152425,41.1,MEDIUM,,60,41.1,DERIVED_ANALYSIS,REAL,2026-09-28T16:40:33.807229Z
way/850386025,Ramachandrapuram - Penuguduru Road,roads,Highway / Road Segment,16.895,82.163902,38.8,LOW,,60,38.8,DERIVED_ANALYSIS,REAL,2026-09-28T16:40:33.807250Z
way/850768100,SH14,roads,Highway / Road Segment,16.855109,82.171327,41.2,MEDIUM,,60,41.2,DERIVED_ANALYSIS,REAL,2026-09-28T16:40:33.807270Z
way/850808853,Kakinada Bypass,roads,Highway / Road Segment,16.920443,82.229311,50.4,MEDIUM,,60,50.4,DERIVED_ANALYSIS,REAL,2026-09-28T16:40:33.807290Z
way/850866081,Ramachandrapuram - Penuguduru Road,roads,Highway / Road Segment,16.884048,82.146371,37.9,LOW,,60,37.9,DERIVED_ANALYSIS,REAL,2026-09-28T16:40:33.807310Z
way/851365266,MDR0163,roads,Highway / Road Segment,16.866544,82.187171,43.6,MEDIUM,,60,43.6,DERIVED_ANALYSIS,REAL,2026-09-28T16:40:33.807329Z
way/851442450,SH216,roads,Highway / Road Segment,16.939402,82.229721,56.3,MEDIUM,,60,56.3,DERIVED_ANALYSIS,REAL,2026-09-28T16:40:33.807349Z
way/851442853,Ramachandrapuram - Penuguduru Road,roads,Highway / Road Segment,16.906565,82.192751,43.5,MEDIUM,,60,43.5,DERIVED_ANALYSIS,REAL,2026-09-28T16:40:33.807367Z
way/851481209,NH216,roads,Highway / Road Segment,16.899569,82.236247,44.4,MEDIUM,,60,44.4,DERIVED_ANALYSIS,REAL,2026-09-28T16:40:33.807386Z
way/851486981,Kakinada Main Road,roads,Highway / Road Segment,16.929057,82.234755,53.4,MEDIUM,,60,53.4,DERIVED_ANALYSIS,REAL,2026-09-28T16:40:33.807407Z
way/851486982,Kakinada Main Road,roads,Highway / Road Segment,16.936621,82.233432,55.9,MEDIUM,,60,55.9,DERIVED_ANALYSIS,REAL,2026-09-28T16:40:33.807429Z
way/851486983,Kakinada Main Road,roads,Highway / Road Segment,16.929057,82.23475,53.4,MEDIUM,,60,53.4,DERIVED_ANALYSIS,REAL,2026-09-28T16:40:33.807449Z
way/851507433,Kakinada Main Road,roads,Highway / Road Segment,16.942346,82.233286,58.4,MEDIUM,,60,58.4,DERIVED_ANALYSIS,REAL,2026-09-28T16:40:33.807469Z
way/851507434,Kakinada Main Road,roads,Highway / Road Segment,16.942429,82.233282,58.4,MEDIUM,,60,58.4,DERIVED_ANALYSIS,REAL,2026-09-28T16:40:33.807487Z
way/851507435,Kakinada Main Road,roads,Highway / Road Segment,16.941687,82.233078,57.6,MEDIUM,,60,57.6,DERIVED_ANALYSIS,REAL,2026-09-28T16:40:33.807507Z
way/851507436,Kakinada Main Road,roads,Highway / Road Segment,16.941663,82.233125,57.6,MEDIUM,,60,57.6,DERIVED_ANALYSIS,REAL,2026-09-28T16:40:33.807526Z
way/851605446,SH216,roads,Highway / Road Segment,16.944396,82.231578,58.0,MEDIUM,,60,58.0,DERIVED_ANALYSIS,REAL,2026-09-28T16:40:33.807546Z
way/851871704,Pyna - Kakinada Road,roads,Highway / Road Segment,16.949846,82.162061,42.8,MEDIUM,,60,42.8,DERIVED_ANALYSIS,REAL,2026-09-28T16:40:33.807565Z
way/852278898,SH216,roads,Highway / Road Segment,16.935875,82.228422,55.1,MEDIUM,,60,55.1,DERIVED_ANALYSIS,REAL,2026-09-28T16:40:33.807585Z
way/852278899,SH216,roads,Highway / Road Segment,16.935856,82.228458,55.1,MEDIUM,,60,55.1,DERIVED_ANALYSIS,REAL,2026-09-28T16:40:33.807606Z
way/852278900,SH14,roads,Highway / Road Segment,16.935417,82.228233,54.8,MEDIUM,,60,54.8,DERIVED_ANALYSIS,REAL,2026-09-28T16:40:33.807625Z
way/852278901,SH14,roads,Highway / Road Segment,16.935429,82.228179,54.8,MEDIUM,,60,54.8,DERIVED_ANALYSIS,REAL,2026-09-28T16:40:33.807646Z
way/852278902,SH14;SH216,roads,Highway / Road Segment,16.935651,82.228312,54.9,MEDIUM,,60,54.9,DERIVED_ANALYSIS,REAL,2026-09-28T16:40:33.807666Z
way/852278904,SH14,roads,Highway / Road Segment,16.923372,82.213515,49.6,MEDIUM,,60,49.6,DERIVED_ANALYSIS,REAL,2026-09-28T16:40:33.807686Z
way/852347490,Kakinada Main Road,roads,Highway / Road Segment,16.943316,82.23345,58.4,MEDIUM,,60,58.4,DERIVED_ANALYSIS,REAL,2026-09-28T16:40:33.807709Z
way/1080015886,SH216,roads,Highway / Road Segment,16.944043,82.232547,58.4,MEDIUM,,60,58.4,DERIVED_ANALYSIS,REAL,2026-09-28T16:40:33.807729Z
way/1081715334,"Road #402 (82.216, 16.928)",roads,Highway / Road Segment,16.928463,82.21582,51.0,MEDIUM,,60,51.0,DERIVED_ANALYSIS,REAL,2026-09-28T16:40:33.807747Z
way/1081715335,"Road #403 (82.215, 16.929)",roads,Highway / Road Segment,16.929233,82.214836,51.0,MEDIUM,,60,51.0,DERIVED_ANALYSIS,REAL,2026-09-28T16:40:33.807767Z
way/1081715336,"Road #404 (82.219, 16.926)",roads,Highway / Road Segment,16.926149,82.218711,50.9,MEDIUM,,60,50.9,DERIVED_ANALYSIS,REAL,2026-09-28T16:40:33.807786Z
way/1081715337,"Road #405 (82.216, 16.928)",roads,Highway / Road Segment,16.927911,82.215982,51.0,MEDIUM,,60,51.0,DERIVED_ANALYSIS,REAL,2026-09-28T16:40:33.807806Z
way/1115206355,"Road #406 (82.232, 16.945)",roads,Highway / Road Segment,16.944516,82.231625,58.1,MEDIUM,,60,58.1,DERIVED_ANALYSIS,REAL,2026-09-28T16:40:33.807825Z
way/1187546652,MDR02,roads,Highway / Road Segment,16.940471,82.162671,42.6,MEDIUM,,60,42.6,DERIVED_ANALYSIS,REAL,2026-09-28T16:40:33.807846Z
way/1238803139,Kakinada Bypass,roads,Highway / Road Segment,16.951175,82.209325,52.5,MEDIUM,,60,52.5,DERIVED_ANALYSIS,REAL,2026-09-28T16:40:33.807865Z
way/1270213227,Kakinada Bypass,roads,Highway / Road Segment,16.936269,82.212721,51.9,MEDIUM,,60,51.9,DERIVED_ANALYSIS,REAL,2026-09-28T16:40:33.807883Z
way/1270213229,SH14;SH216,roads,Highway / Road Segment,16.935614,82.228358,54.9,MEDIUM,,60,54.9,DERIVED_ANALYSIS,REAL,2026-09-28T16:40:33.807916Z
way/1270213230,SH14;SH216,roads,Highway / Road Segment,16.935691,82.228386,54.9,MEDIUM,,60,54.9,DERIVED_ANALYSIS,REAL,2026-09-28T16:40:33.807940Z
way/1270213231,Kakinada Main Road,roads,Highway / Road Segment,16.94349,82.233476,58.5,MEDIUM,,60,58.5,DERIVED_ANALYSIS,REAL,2026-09-28T16:40:33.807965Z
way/1270213232,Kakinada - Rajanagaram (ADB) Road,roads,Highway / Road Segment,16.943042,82.234602,58.8,MEDIUM,,60,58.8,DERIVED_ANALYSIS,REAL,2026-09-28T16:40:33.807984Z
way/1524091247,Kakinada Bypass,roads,Highway / Road Segment,16.926103,82.218614,50.9,MEDIUM,,60,50.9,DERIVED_ANALYSIS,REAL,2026-09-28T16:40:33.808004Z
way/1524091248,Kakinada Bypass,roads,Highway / Road Segment,16.928303,82.215847,51.0,MEDIUM,,60,51.0,DERIVED_ANALYSIS,REAL,2026-09-28T16:40:33.808023Z
way/1558315739,NH216,roads,Highway / Road Segment,16.912199,82.238977,47.9,MEDIUM,,60,47.9,DERIVED_ANALYSIS,REAL,2026-09-28T16:40:33.808042Z
way/97477499,Ramachandrapuram - Penuguduru Road,roads,Highway / Road Segment,16.858463,82.080028,35.3,LOW,,60,35.3,DERIVED_ANALYSIS,REAL,2026-09-28T16:40:33.808070Z
way/103402763,Ramachandrapuram - Unduru Road,roads,Highway / Road Segment,16.82261,82.085941,35.3,LOW,,60,35.3,DERIVED_ANALYSIS,REAL,2026-09-28T16:40:33.808103Z
way/285872287,SH246,roads,Highway / Road Segment,16.743898,82.225228,50.6,MEDIUM,,60,50.6,DERIVED_ANALYSIS,REAL,2026-09-28T16:40:33.808137Z
way/325064201,SH14,roads,Highway / Road Segment,16.832191,82.134053,37.5,LOW,,60,37.5,DERIVED_ANALYSIS,REAL,2026-09-28T16:40:33.808171Z
way/362423741,KANF Road - Madhavapatnam - Rameswaram Road,roads,Highway / Road Segment,16.995646,82.237999,55.0,MEDIUM,,60,55.0,DERIVED_ANALYSIS,REAL,2026-09-28T16:40:33.808193Z
way/362423743,Ramachandrapuram - Penuguduru Road,roads,Highway / Road Segment,16.86932,82.119728,36.7,LOW,,60,36.7,DERIVED_ANALYSIS,REAL,2026-09-28T16:40:33.808212Z
way/362425346,SH216,roads,Highway / Road Segment,16.988755,82.207693,47.8,MEDIUM,,60,47.8,DERIVED_ANALYSIS,REAL,2026-09-28T16:40:33.808233Z
way/394357820,Kakinada Main Road,roads,Highway / Road Segment,16.983914,82.239703,53.4,MEDIUM,,60,53.4,DERIVED_ANALYSIS,REAL,2026-09-28T16:40:33.808252Z
way/396367653,Dwarapudi - Yanam Road,roads,Highway / Road Segment,16.774363,82.108391,35.6,LOW,,60,35.6,DERIVED_ANALYSIS,REAL,2026-09-28T16:40:33.808272Z
way/396373711,SH246,roads,Highway / Road Segment,16.753727,82.231445,52.0,MEDIUM,,60,52.0,DERIVED_ANALYSIS,REAL,2026-09-28T16:40:33.808292Z
way/396373715,KANF Road - Madhavapatnam - Rameswaram Road,roads,Highway / Road Segment,16.992838,82.210387,48.2,MEDIUM,,60,48.2,DERIVED_ANALYSIS,REAL,2026-09-28T16:40:33.808313Z
way/396373726,Pyna - Kakinada Road,roads,Highway / Road Segment,16.9493,82.12425,38.1,LOW,,60,38.1,DERIVED_ANALYSIS,REAL,2026-09-28T16:40:33.808334Z
way/396373728,Pyna - Kakinada Road,roads,Highway / Road Segment,16.964758,82.199703,49.7,MEDIUM,,60,49.7,DERIVED_ANALYSIS,REAL,2026-09-28T16:40:33.808353Z
way/396373732,Pyna - Kakinada Road,roads,Highway / Road Segment,16.960302,82.223175,55.4,MEDIUM,,60,55.4,DERIVED_ANALYSIS,REAL,2026-09-28T16:40:33.808373Z
way/396373744,KANF Road - Madhavapatnam - Rameswaram Road,roads,Highway / Road Segment,16.976881,82.196264,47.9,MEDIUM,,60,47.9,DERIVED_ANALYSIS,REAL,2026-09-28T16:40:33.808394Z
way/396373745,Pyna - Kakinada Road,roads,Highway / Road Segment,16.952335,82.139479,39.9,LOW,,60,39.9,DERIVED_ANALYSIS,REAL,2026-09-28T16:40:33.808412Z
way/651036845,Pyna - Kakinada Road,roads,Highway / Road Segment,16.961359,82.179743,45.9,MEDIUM,,60,45.9,DERIVED_ANALYSIS,REAL,2026-09-28T16:40:33.808430Z
way/655926332,Pyna - Kakinada Road,roads,Highway / Road Segment,16.939902,82.096505,35.3,LOW,,60,35.3,DERIVED_ANALYSIS,REAL,2026-09-28T16:40:33.808451Z
way/758926816,Indrapalem road bridge,roads,Highway / Road Segment,16.959731,82.223574,55.6,MEDIUM,,60,55.6,DERIVED_ANALYSIS,REAL,2026-09-28T16:40:33.808487Z
way/758968620,Pyna - Kakinada Road,roads,Highway / Road Segment,16.959807,82.223042,55.5,MEDIUM,,60,55.5,DERIVED_ANALYSIS,REAL,2026-09-28T16:40:33.808509Z
way/848365132,Karapa - Chintapalli Road,roads,Highway / Road Segment,16.915246,82.098264,35.5,LOW,,60,35.5,DERIVED_ANALYSIS,REAL,2026-09-28T16:40:33.808529Z
way/850058104,SH14,roads,Highway / Road Segment,16.817401,82.102607,35.6,LOW,,60,35.6,DERIVED_ANALYSIS,REAL,2026-09-28T16:40:33.808548Z
way/850461442,SH14,roads,Highway / Road Segment,16.845838,82.157707,39.2,LOW,,60,39.2,DERIVED_ANALYSIS,REAL,2026-09-28T16:40:33.808570Z
way/851434938,KANF Road - Madhavapatnam - Rameswaram Road,roads,Highway / Road Segment,16.993031,82.209959,48.2,MEDIUM,,60,48.2,DERIVED_ANALYSIS,REAL,2026-09-28T16:40:33.808589Z
way/851566741,Kakinada Main Road,roads,Highway / Road Segment,16.968597,82.236781,55.1,MEDIUM,,60,55.1,DERIVED_ANALYSIS,REAL,2026-09-28T16:40:33.808608Z
way/851566742,Kakinada Main Road,roads,Highway / Road Segment,16.994856,82.242762,56.3,MEDIUM,,60,56.3,DERIVED_ANALYSIS,REAL,2026-09-28T16:40:33.808627Z
way/851566743,Kakinada Main Road,roads,Highway / Road Segment,17.006006,82.245676,57.4,MEDIUM,,60,57.4,DERIVED_ANALYSIS,REAL,2026-09-28T16:40:33.808649Z
way/851566744,Kakinada Main Road,roads,Highway / Road Segment,16.981703,82.239456,52.8,MEDIUM,,60,52.8,DERIVED_ANALYSIS,REAL,2026-09-28T16:40:33.808668Z
way/851583844,Kakinada Main Road,roads,Highway / Road Segment,17.006095,82.24575,57.4,MEDIUM,,60,57.4,DERIVED_ANALYSIS,REAL,2026-09-28T16:40:33.808688Z
way/851605447,SH216,roads,Highway / Road Segment,16.956689,82.226832,56.8,MEDIUM,,60,56.8,DERIVED_ANALYSIS,REAL,2026-09-28T16:40:33.808710Z
way/851605448,SH216,roads,Highway / Road Segment,16.956667,82.2269,56.9,MEDIUM,,60,56.9,DERIVED_ANALYSIS,REAL,2026-09-28T16:40:33.808729Z
way/851605449,SH216,roads,Highway / Road Segment,16.957535,82.227169,56.8,MEDIUM,,60,56.8,DERIVED_ANALYSIS,REAL,2026-09-28T16:40:33.808748Z
way/851605452,SH216,roads,Highway / Road Segment,16.958702,82.225521,56.2,MEDIUM,,60,56.2,DERIVED_ANALYSIS,REAL,2026-09-28T16:40:33.808768Z
way/851605454,SH216,roads,Highway / Road Segment,16.959917,82.223652,55.5,MEDIUM,,60,55.5,DERIVED_ANALYSIS,REAL,2026-09-28T16:40:33.808789Z
way/851605455,SH216,roads,Highway / Road Segment,16.959771,82.223791,55.6,MEDIUM,,60,55.6,DERIVED_ANALYSIS,REAL,2026-09-28T16:40:33.808808Z
way/851605456,SH216,roads,Highway / Road Segment,16.958613,82.22544,56.2,MEDIUM,,60,56.2,DERIVED_ANALYSIS,REAL,2026-09-28T16:40:33.808826Z
way/851861189,Dwarapudi - Yanam Road,roads,Highway / Road Segment,16.753951,82.151704,38.5,LOW,,60,38.5,DERIVED_ANALYSIS,REAL,2026-09-28T16:40:33.808845Z
way/852262892,KANF Road - Madhavapatnam - Rameswaram Road,roads,Highway / Road Segment,17.000715,82.220641,50.8,MEDIUM,,60,50.8,DERIVED_ANALYSIS,REAL,2026-09-28T16:40:33.808865Z
way/852262894,KANF Road - Madhavapatnam - Rameswaram Road,roads,Highway / Road Segment,16.998553,82.215231,49.6,MEDIUM,,60,49.6,DERIVED_ANALYSIS,REAL,2026-09-28T16:40:33.808884Z
way/852262899,KANF Road - Madhavapatnam - Rameswaram Road,roads,Highway / Road Segment,16.994956,82.211868,48.7,MEDIUM,,60,48.7,DERIVED_ANALYSIS,REAL,2026-09-28T16:40:33.808903Z
way/852262900,KANF Road - Madhavapatnam - Rameswaram Road,roads,Highway / Road Segment,16.998587,82.215195,49.6,MEDIUM,,60,49.6,DERIVED_ANALYSIS,REAL,2026-09-28T16:40:33.808925Z
way/852262901,KANF Road - Madhavapatnam - Rameswaram Road,roads,Highway / Road Segment,16.998219,82.228103,52.6,MEDIUM,,60,52.6,DERIVED_ANALYSIS,REAL,2026-09-28T16:40:33.808945Z
way/852278906,SH14,roads,Highway / Road Segment,16.821131,82.111253,35.8,LOW,,60,35.8,DERIVED_ANALYSIS,REAL,2026-09-28T16:40:33.808999Z
way/852645550,KANF Road - Madhavapatnam - Rameswaram Road,roads,Highway / Road Segment,16.989214,82.206541,47.6,MEDIUM,,60,47.6,DERIVED_ANALYSIS,REAL,2026-09-28T16:40:33.809038Z
way/852682463,Pyna - Kakinada Road,roads,Highway / Road Segment,16.961065,82.216467,53.7,MEDIUM,,60,53.7,DERIVED_ANALYSIS,REAL,2026-09-28T16:40:33.809065Z
way/852694299,KANF Road - Madhavapatnam - Rameswaram Road,roads,Highway / Road Segment,16.998176,82.228061,52.6,MEDIUM,,60,52.6,DERIVED_ANALYSIS,REAL,2026-09-28T16:40:33.809088Z
way/852694301,KANF Road - Madhavapatnam - Rameswaram Road,roads,Highway / Road Segment,16.995732,82.238036,55.1,MEDIUM,,60,55.1,DERIVED_ANALYSIS,REAL,2026-09-28T16:40:33.809110Z
way/1080009525,Kakinada Main Road,roads,Highway / Road Segment,16.96315,82.235994,56.8,MEDIUM,,60,56.8,DERIVED_ANALYSIS,REAL,2026-09-28T16:40:33.809131Z
way/1080015882,Kakinada Main Road,roads,Highway / Road Segment,16.962935,82.235973,56.9,MEDIUM,,60,56.9,DERIVED_ANALYSIS,REAL,2026-09-28T16:40:33.809158Z
way/1270213242,Kakinada Main Road,roads,Highway / Road Segment,16.970825,82.236486,54.5,MEDIUM,,60,54.5,DERIVED_ANALYSIS,REAL,2026-09-28T16:40:33.809181Z
way/1270213243,Kakinada Main Road,roads,Highway / Road Segment,16.994877,82.242713,56.3,MEDIUM,,60,56.3,DERIVED_ANALYSIS,REAL,2026-09-28T16:40:33.809201Z
way/1270213244,Kakinada Main Road,roads,Highway / Road Segment,16.994941,82.242785,56.3,MEDIUM,,60,56.3,DERIVED_ANALYSIS,REAL,2026-09-28T16:40:33.809222Z
